country_iso,year,crisis,NGDP_RPCH,PCPIPCH,LUR,BCA_NGDPD,BIS_REER,RXF11FX_REVS,NGDPD,FS.AST.PRVT.GD.ZS,FM.AST.NFRG.CN,reer_g,fx_g,nfa_g,credit_g,credit_gap
AUT,1996,0,2.668,1.611,4.242,-2.876,106.65416666666665,9.790710714933168,5.480280525791928,,,,,,,
AUT,1997,0,2.398,1.771,4.717,-2.854,103.48666666666666,9.992459506338392,5.464018228325673,,,-0.02969879282728438,0.22354060558571676,,,
AUT,1998,0,2.146,1.167,4.758,-2.559,99.40333333333332,9.831185640780722,5.356482495702256,,,-0.039457579076209615,-0.14894103654910573,,,
AUT,1999,0,3.493,0.817,4.708,-1.863,99.7675,9.948365311314214,5.381568767010332,,,0.0036635257033634794,0.12432141897339433,,,
AUT,2000,0,3.762,0.516,4.142,-2.27,98.39666666666666,9.547967655559463,5.37822314176983,,,-0.013740279483131612,-0.32994645759632846,,,
AUT,2001,0,3.19,1.956,3.883,-0.71,95.325,9.509870725508835,5.279481072201742,,,-0.03121718215386693,-0.037380370400494356,,,
AUT,2002,0,1.317,2.302,4.008,-0.8,95.645,9.34519289152809,5.280555555369278,90.18438490566551,61404661356.01,0.003356936795174237,-0.1518330893661176,,,
AUT,2003,0,1.484,1.681,4.392,2.118,96.08166666666666,9.05246511451315,5.359821601391479,89.16936762490954,77885428977.9037,0.004565493927195963,-0.25377474728409044,0.2683960347300349,-0.011254911610448892,
AUT,2004,0,1.142,1.302,4.792,1.557,98.84333333333332,8.873962022947392,5.563424021070267,88.30933757664639,88259612302.903,0.028742909677531125,-0.16347852928773998,0.13319799943507382,-0.00964490464798251,
AUT,2005,0,2.565,1.964,5.867,2.092,99.82083333333333,8.819196232523865,5.700694378056967,88.4249908125088,97625152653.57901,0.0098893872458099,-0.053293150199541506,0.10611354510071824,0.0013096376785981523,
AUT,2006,0,2.32,2.102,6.025,2.274,99.04333333333334,8.748053849119849,5.74979417930477,94.96703597230652,106413359293.496,-0.007788955211420312,-0.06867072314598865,0.09001990164462814,0.07398412032260304,
AUT,2007,0,3.269,1.686,5.592,3.318,98.21249999999999,8.790747992230754,5.8109134221742496,95.1090616207875,123442186320.141,-0.0083885841214284,0.04361864807808513,0.16002527445523285,0.0014955257582471848,1.0215757511953285
AUT,2008,1,3.775,2.2,5.2,3.826,98.605,9.2360604565364,5.957923275351282,93.50258949041907,169296543476.48,0.003996436298841832,0.560977869504516,0.3714642337702774,-0.016890841976484272,-0.9617426465542565
AUT,2009,1,1.453,3.23,4.433,4.52,98.58583333333333,9.017293184701959,6.061892721388226,96.44189203311308,188770491862.896,-0.00019437824315882146,-0.19649130449994956,0.11502862365953415,0.031435520221557045,0.5294002261487378
AUT,2010,1,-3.586,0.406,5.683,2.613,99.04416666666667,8.472478547022277,5.988602956660697,98.34385102620136,189329072906.55798,0.004649079059702688,-0.42005072587971426,0.002959048515208007,0.01972129489574148,0.7663014999815942
AUT,2011,1,1.809,1.691,5.2,2.873,96.49416666666667,8.728196159184073,5.966521028043213,99.14687950005448,179603367894.225,-0.025746089707453734,0.2913880041785675,-0.0513693162018124,0.008165517879091144,0.19427186279216357
AUT,2012,1,2.927,3.542,4.883,1.641,96.79666666666667,8.863780328092353,6.061174827862022,96.67256925541795,160066128482.569,0.003134904527907434,0.14520558248163296,-0.10877991677284249,-0.024956007260270585,-2.2112731562602477
AUT,2013,0,0.628,2.569,5.233,1.492,95.40333333333332,8.983667462297445,6.008832841269074,94.83797957739648,149101390350.1,-0.014394435070078315,0.12736960293211164,-0.06850130153340372,-0.018977355129295437,-3.1671907856995034
AUT,2014,0,-0.251,2.118,5.35,1.748,97.15166666666666,9.004816491060147,6.055816332061437,93.34113913880635,144461029996.151,0.018325704901995143,0.021374254437342755,-0.03112218030330316,-0.01578313293113298,-3.325006702321005
AUT,2015,0,0.756,1.465,6.042,2.397,98.44916666666667,9.272182529941636,6.083745142351942,88.35991712583275,155735701091.019,0.013355406494999444,0.3065185954200498,0.07804645374028141,-0.05336577267999798,-5.388492862985288
AUT,2016,0,1.303,0.81,6.158,1.577,95.63333333333333,9.171460708658794,5.939075916216262,86.43999649910079,144157061876.05798,-0.028601901150340003,-0.09581547720470274,-0.07434800841326639,-0.021728411356450428,-4.330717952611209
AUT,2017,0,2.117,0.973,6.475,2.574,96.88583333333332,9.182359791187734,5.975281810096205,83.58975397114592,124288587818.408,0.01309689787382351,0.010958693901840455,-0.13782518732750193,-0.0329736539031964,-3.9061548128221517
BEL,1996,0,2.385,1.265,9.683,5.338,104.03666666666668,9.594241302168507,5.66400854183847,,,,,,,
BEL,1997,0,1.321,1.76,9.55,4.954,101.175,9.640823243059636,5.632257829504749,,,-0.027506327897215854,0.04768392370572205,,,
BEL,1998,0,3.793,1.499,9.217,5.471,95.88,9.583213415483687,5.5334764414687605,,,-0.05233506300963675,-0.055981794538361496,,,
BEL,1999,0,1.962,0.901,9.342,5.12,96.73,9.665420700626543,5.556349182576467,,,0.00886524822695045,0.08568083201322407,,,
BEL,2000,0,3.543,1.134,8.425,7.764,95.17333333333333,9.033287988673049,5.554907299297002,,,-0.01609290464867852,-0.4685428535177314,,,
BEL,2001,0,3.717,2.682,6.858,3.965,91.23333333333333,8.985738507840535,5.467625447513429,,,-0.04139815074250486,-0.04643671114010994,,,
BEL,2002,0,1.1,2.438,6.567,3.335,91.90666666666668,9.076051778461695,5.466996284300833,66.29922874353707,44401635285.716995,0.007380343441724557,0.09451711005863306,,,
BEL,2003,0,1.707,1.552,7.525,4.501,93.05250000000001,9.094784279839383,5.553734478412542,64.1329244858025,66723548003.218994,0.012467358189467426,0.018909055391297835,0.5027272660987434,-0.03267465246261614,
BEL,2004,0,1.038,1.517,8.175,3.398,96.95166666666667,8.942624821885783,5.762063961317419,62.5308943592501,80108123314.293,0.04190286845239677,-0.14114868085219112,0.20059747587805554,-0.0249798389734599,
BEL,2005,0,3.571,1.857,8.383,3.098,98.51083333333334,8.95091328776846,5.910924007203208,61.8425933319116,89513460637.9189,0.016081896477626367,0.00832291031408583,0.11740803472233874,-0.011007375384463502,
BEL,2006,0,2.322,2.539,8.475,1.995,98.5625,8.826899979320165,5.955648232408561,63.5977700769197,82914965761.80399,0.0005244770033752122,-0.1166319154539559,-0.07371511311361056,0.02838135741798542,
BEL,2007,0,2.553,2.331,8.267,1.85,98.08916666666666,8.938380088639619,6.011955662831799,65.83361909755914,79143921311.13,-0.004802367364193705,0.11793150736589353,-0.04548086604181134,0.035156091446842286,2.0727734371380535
BEL,2008,1,3.677,1.819,7.492,1.496,98.67166666666667,9.137531285136356,6.154811383796001,68.44384869400373,102821926031.495,0.0059384743473200885,0.2203664670861143,0.2991765422802617,0.039648885056379646,2.4830954192796924
BEL,2009,1,0.447,4.49,6.967,-1.006,101.1675,8.957649259357249,6.248566915124867,62.75830286365248,103907667385.212,0.025294326301032122,-0.16463124242346283,0.010559434117042743,-0.0830687627718012,-2.0793170976607414
BEL,2010,1,-1.906,-0.004,7.992,1.651,101.15833333333335,8.961987865727334,6.1830926632222365,58.46580254095864,110247905774.52501,-9.060880882361122e-05,0.004348031748775183,0.061018003279855515,-0.0683973295456961,-3.827154317296163
BEL,2011,1,2.71,2.329,8.383,1.623,98.44,8.972028777818698,6.177838299323789,56.785496406807134,110536013940.853,-0.02687206524425423,0.01009149119420849,0.0026132756382439837,-0.028739982367886885,-3.0649303814578985
BEL,2012,1,1.931,3.344,7.225,-1.926,99.44333333333333,8.986248921547524,6.267401666835647,55.01452954940179,107504286043.041,0.0101923337396721,0.014321730929701681,-0.027427512443448987,-0.031186957400500037,-2.4446862383194414
BEL,2013,0,0.216,2.62,7.642,-0.081,97.5425,9.042011278470948,6.212066872240336,54.49032814526355,106183296669.78899,-0.019114738712164292,0.0573463828304126,-0.012287783323570278,-0.009528417464108707,-1.0972431881996911
BEL,2014,0,0.306,1.252,8.567,0.951,98.94166666666666,9.028748708745102,6.261693953939499,56.159869726617984,127883940304.826,0.014344174761428796,-0.01317500936720839,0.2043696543206992,0.0306392278810228,1.2291909458968746
BEL,2015,0,1.766,0.495,8.667,0.768,98.78916666666667,8.9664584341797,6.2880945917836835,57.61062311847911,136742077282.833,-0.0015413122210055086,-0.06038989771228631,0.06926700066398173,0.025832563339681647,2.4764591999697885
BEL,2016,0,1.474,0.623,8.667,1.387,94.49000000000001,9.042237268193897,6.133595420479555,60.802622142860585,139361040144.44598,-0.04351860443537159,0.07872397072238213,0.019152574786442722,0.05540643116837973,4.187816364664776
BEL,2017,0,1.193,1.772,7.842,0.554,96.95916666666666,9.026798903392324,6.161504745814568,63.61608627593577,132796381112.20999,0.02613151303488892,-0.01531980415932177,-0.047105410704683326,0.04627208554369133,4.706086555085157
BGR,1996,1,-1.601,62.1,11.37,-1.084,49.392500000000005,7.054536010190332,2.944017837867312,27.53863242811464,91067771.1124929,,,,,
BGR,1997,1,5.205,123.0,10.988,3.591,43.79,6.0513830373192254,2.5091926756681557,50.708665521487205,274664087.97729295,-0.11342815204737577,-0.6332786460581987,2.0160405225906954,0.8413646957180743,
BGR,1998,0,-14.115,1061.206,14.023,13.536,53.37833333333333,7.628614268461231,2.4263060199838047,8.546145913509294,5226532922.38647,0.2189617111973814,3.841532152859547,18.02881793129999,-0.8314657696939793,
BGR,1999,0,3.789,18.679,12.367,1.144,61.85,7.866589357457257,2.7101147351510892,8.94489267173388,5621882669.08257,0.15870983857370358,0.2686775883988173,0.07564283102527192,0.04665807982452863,
BGR,2000,0,-8.396,2.572,13.79,-2.918,63.65,7.924992705142543,2.61212649979872,11.478150964407687,6489878469.80264,0.029102667744543176,0.06014251551463534,0.15439592958664816,0.28320723184068797,
BGR,2001,0,4.587,10.318,18.134,-3.114,65.57666666666667,8.015534192737805,2.583695620062788,11.955574566007037,8135742002.30155,0.03026970411102381,0.09476692594662217,0.25360467690683297,0.041594121133254,5.911579930262019
BGR,2002,0,3.824,7.358,17.514,-3.625,69.7,8.085584711540447,2.6520440643124705,14.337998949742548,9393954326.40823,0.06287805621918374,0.07256236445198172,0.1546524365879276,0.1992730981336015,7.1621060687634035
BGR,2003,0,5.872,5.813,17.416,-0.625,72.46249999999999,8.38063103048077,2.7974642449303486,18.777284565380693,9726704885.35109,0.03963414634146334,0.3431885723167518,0.03542177738797747,0.3096168183021004,8.623154760488896
BGR,2004,0,5.237,2.348,13.856,-3.381,75.27166666666666,8.728205178488706,3.051450762310335,25.89516907773481,9874252659.83634,0.038767178425622495,0.4156292728138218,0.015169348327557897,0.37906889505616914,10.565449851862756
BGR,2005,0,6.51,6.149,12.191,-4.277,78.77583333333334,9.072468361054954,3.264155071066961,33.14463900213093,9320698326.46127,0.04655359475677012,0.41094992406906106,-0.05606037767563521,0.27995453138899795,11.176322319000079
BGR,2006,0,7.056,6.038,10.172,-9.428,79.09916666666668,8.986242903327469,3.3967876731734554,39.06344566376078,13261909407.8103,0.004104473664723773,-0.08261262417052306,0.42284504264664546,0.17857508302471836,9.989350019955115
BGR,2007,0,6.803,7.416,9.022,-15.28,82.50666666666667,9.295790372318127,3.5374749999547035,42.4504456723938,18276741484.137,0.04307883563880788,0.3628082615720991,0.3781380133220733,0.08670510117788055,6.9449666251490925
BGR,2008,0,6.654,7.572,6.935,-23.892,87.10166666666667,9.706513766187774,3.793959930564444,58.458507453434386,19288526115.519398,0.055692469295410385,0.5079082022142529,0.05535913676190907,0.37709996979963134,12.503724132124844
BGR,2009,0,6.13,11.951,5.664,-22.076,94.64166666666667,9.726596364563859,3.9977602377067107,66.92029487701005,13620841413.9898,0.08656550773999716,0.02028561048097499,-0.2938371064531169,0.14474860533030154,10.28191108020745
BGR,2010,0,-3.347,2.469,6.878,-8.315,98.57666666666667,9.687615996057952,3.9517051505668506,68.95856758265224,14624677547.6022,0.04157788148278607,-0.0382304100649391,0.07369854057484093,0.030458214647563153,3.9659775229119987
BGR,2011,0,1.555,3.039,10.211,-1.724,95.28416666666668,9.576889882511907,3.925728652484258,68.20166580584323,17069031612.975399,-0.033400399012612714,-0.10481610590108092,0.16713900579462448,-0.010976181834139731,-2.1603310996099054
BGR,2012,0,2.09,3.386,11.349,0.329,96.81833333333333,9.565328427919054,4.054945166439363,65.27895337932021,21086216244.6775,0.016100961160038674,-0.011494877798568615,0.2353492994088986,-0.04285397419534309,-7.278453807364187
BGR,2013,0,0.749,2.391,12.38,-0.847,95.4425,9.763039719241563,3.994468976794844,65.78328853896433,25440498592.278503,-0.014210462894424292,0.2186105195980248,0.20649898953303647,0.007725846287907512,-7.775420695644954
BGR,2014,0,-0.543,0.385,13.038,1.274,95.94083333333333,9.760792513084258,4.022132228108176,66.18685036366206,28626293621.2018,0.0052212937981857,-0.0022446830798606987,0.12522533775695055,0.00613471648591557,-7.53481418962285
BGR,2015,0,0.949,-1.601,11.524,2.115,94.93666666666667,9.777961006892696,4.044471311726373,59.22654702051945,35213711213.384605,-0.010466520164337356,0.017316719453606577,0.2301177260092062,-0.10516142262246042,-11.477226309589497
BGR,2016,0,3.398,-1.067,9.233,0.017,91.745,9.897900574398848,3.9272268391704186,54.79459701561389,40913479842.7355,-0.033618903830623936,0.1274287161916452,0.16186219608640484,-0.07483046417293382,-11.462222413516713
BGR,2017,0,3.027,-1.323,7.666,3.028,91.95333333333333,10.031753749563533,3.9876683666220565,52.01975021583504,49993983788.026405,0.0022707867822042704,0.1432249535059631,0.22194406293952085,-0.05064088342484108,-9.479525352394717
CZE,1996,1,,,4.0,-2.26,57.055,9.535513296849926,4.103717168468766,64.5758778196693,282546832386.947,,,,,
CZE,1997,1,4.525,8.759,3.9,-6.078,60.51083333333333,9.421557080423625,4.216635938539909,62.970917483629954,265442139523.24597,0.0605702100312564,-0.10770297702037912,-0.06053754954249935,-0.02485386788734434,
CZE,1998,1,-0.596,8.596,4.775,-5.702,60.63166666666667,9.183349370111598,4.1356464415792065,64.19084625228824,325501466788.731,0.0019968876096567723,-0.2119610097313751,0.22626146463917185,0.019372891763494104,
CZE,1999,1,-0.393,10.698,6.491,-1.867,66.6775,9.436846264281195,4.207092721913854,56.469488455814144,421521850533.55005,0.09971412078396868,0.2885233775439966,0.2949921691355748,-0.1202875214657082,
CZE,2000,1,1.378,2.135,8.72,-2.232,65.11666666666666,9.457676898887865,4.183362258539753,51.144228203460095,607641677230.337,-0.023408696086885894,0.021049106608941104,0.44154253560331913,-0.09430332021726962,
CZE,2001,0,4.011,3.775,8.757,-4.37,65.85166666666667,9.473926966017485,4.129888653080307,44.685794057590535,676600861463.182,0.011287432812900233,0.016382817563504792,0.11348659385439874,-0.12627884656264343,-2.3928020481214745
CZE,2002,0,2.917,4.663,8.113,-4.803,70.4975,9.560222295507314,4.22150570783878,36.93247424152272,808137710429.49,0.07054997342512204,0.0901282277829425,0.19440833799982626,-0.17350748665393356,-3.1280574909539496
CZE,2003,0,1.513,1.903,7.27,-5.043,78.81,10.05686078737419,4.413961253204228,23.546977480951877,925849147234.6001,0.11791198269442171,0.6431883853689477,0.14565764632187705,-0.36243162786861693,-6.52898985651024
CZE,2004,0,3.301,0.119,7.77,-5.669,78.13416666666667,10.177088448929608,4.609869128644557,24.250378635866127,821341436880.48,-0.008575476885335998,0.12775356848751018,-0.1128776871116337,0.029872248167870374,0.1460068772857248
CZE,2005,0,4.736,2.76,8.344,-3.705,79.48666666666666,10.234374578005951,4.788724316184592,25.60842314713789,863141994277.52,0.017309968963641564,0.05895876594482341,0.05089303366429654,0.05600096112574615,4.5989874748886805
CZE,2006,0,6.375,1.857,7.932,-2.09,83.81416666666667,10.27978814732732,4.9219060788306095,29.19851129377499,1076182872653.8899,0.054443093181246294,0.04646055440929042,0.2468201985175018,0.14019169107014484,8.449937050461966
CZE,2007,0,6.623,2.534,7.128,-2.454,88.20416666666667,10.34347196508366,5.051367684602191,33.84681886732165,972460743254.5,0.05237778020819861,0.06575537255857533,-0.09637965074059296,0.15919673187371242,10.945372764208564
CZE,2008,0,5.489,2.853,5.306,-4.592,91.23166666666667,10.447123826230804,5.246207949749485,38.71113866539923,970197143455.2001,0.03432377533185327,0.1092142271204315,-0.0023277030101229723,0.14371571571158714,11.855437365382983
CZE,2009,0,2.612,6.359,4.377,-1.864,104.80833333333334,10.504289794465526,5.46730035890281,43.283747328834906,974907193652.94,0.14881528708964353,0.05883152821291304,0.004854735173684066,0.11812126486278629,11.34165624349183
CZE,2010,0,-4.798,1.019,6.703,-2.261,100.4425,10.588344919845138,5.33317762518397,45.07691664311666,980383900698.406,-0.0416554027192495,0.08768885141705351,0.005617670154781651,0.04142823634605164,8.354715512001171
CZE,2011,0,2.715,1.473,7.284,-3.515,100.75666666666666,10.604982602773086,5.352658760755793,45.87029550562466,992189341232.8,0.003127826036455339,0.01677685996433631,0.012041650751286381,0.01760055748243272,5.149376702159763
CZE,2012,0,1.772,1.917,6.708,-2.071,102.49416666666667,10.541490227225559,5.444273131021253,47.933134001814246,969395256198.563,0.017244516491878192,-0.06151872532073854,-0.022973523386086048,0.044971118530000354,3.5035332186494514
CZE,2013,0,-0.771,3.288,6.975,-1.537,98.48083333333334,10.655179890963074,5.348834609885853,49.05494531110003,1124652753313.24,-0.03915669997479532,0.1204043688219949,0.16015912613757965,0.023403671231748024,1.572919985251339
CZE,2014,0,-0.042,1.438,6.949,-0.522,96.61500000000001,10.894751394797764,5.361404835418293,50.28986491040681,1290720095216.81,-0.01894615703563296,0.270704541625038,0.14766099261690657,0.02517421213039972,0.2874895493585541
CZE,2015,0,2.245,0.344,6.111,0.18,91.20916666666666,10.865777494754528,5.351436243545156,49.092694193432564,1318781511860.86,-0.0559523193430973,-0.02855818127479992,0.021740900097581894,-0.023805407294433034,-2.1074240350249482
CZE,2016,0,4.959,0.309,5.021,0.446,88.34083333333332,11.044994659192504,5.242318280427934,49.260449635443216,1541446829478.55,-0.031447862513819036,0.19628050554504273,0.16884170396315246,0.0034171162281229073,-2.5962021551534775
CZE,2017,0,2.581,0.684,3.946,1.759,90.76083333333334,11.342034238110656,5.2890798315955,50.57218311676781,1808059988274.05,0.02739390051788071,0.345868566415801,0.17296292917589096,0.026628532444023634,-1.9707034921701947
DEU,1996,0,1.512,1.733,8.233,-1.069,123.95833333333333,11.261819586369898,7.86144545111389,,,,,,,
DEU,1997,0,1.028,1.274,8.908,-0.485,118.68,11.235893148683692,7.8270207818344195,,,-0.04258151260504195,-0.02559323341131703,,,
DEU,1998,0,1.858,1.507,9.658,-0.344,112.20666666666666,11.154148312939625,7.705939722959532,,,-0.054544433209751775,-0.07849293563579274,,,
DEU,1999,0,2.103,0.596,9.383,-0.498,113.4525,11.068714331026928,7.719061868805477,,,0.01110302418156972,-0.08188624683263424,,,
DEU,2000,0,2.127,0.647,8.558,-1.157,110.4975,10.871632948200542,7.703491538314084,,,-0.02604614265882199,-0.1788761947827171,,,
DEU,2001,0,2.881,1.413,7.95,-1.524,102.92166666666667,10.81310198745412,7.584696855195149,,,-0.06856112883398569,-0.05685096065061879,,,
DEU,2002,0,1.633,1.9,7.8,-0.173,102.9225,10.68532861887364,7.583957196090881,111.24017045800467,265798799429.21997,8.096772626364768e-06,-0.11994719583793745,,,
DEU,2003,0,-0.229,1.326,8.6,1.954,104.03666666666668,10.657151631463487,7.650104443663941,110.1657450124928,405595721864.39,0.010825297351567231,-0.02778371846854455,0.5259501650698646,-0.009658610204283047,
DEU,2004,0,-0.536,1.074,9.708,1.499,109.19583333333333,10.623653808104605,7.837586325642503,108.50594204774167,527095282660.60004,0.04958988818044907,-0.032942983834823414,0.29955828981064325,-0.015066416194642995,
DEU,2005,0,1.171,1.78,10.333,4.514,110.78416666666668,10.594097341639417,7.955433156224922,105.0247269999651,685095215692.0599,0.014545732056320926,-0.02912394584554956,0.29975592313012034,-0.03208317426749652,
DEU,2006,0,0.883,1.928,11.008,4.651,108.395,10.590750655816919,7.9707376266181305,103.75352043032021,906728848240.13,-0.021565957830917637,-0.00334109191159504,0.32350778033704897,-0.012103878828890524,
DEU,2007,0,3.862,1.775,10.042,5.81,107.35416666666667,10.537916123371488,8.021738822274234,100.34127723417059,1157017600088.35,-0.009602226424958005,-0.051463048412425993,0.27603483922895533,-0.03288797509710761,-0.6351500544977426
DEU,2008,1,2.887,2.271,8.542,6.672,108.73416666666667,10.615660980656115,8.156070370321459,95.49834396708388,1448236367607.71,0.012854647777993389,0.08084685328566077,0.2516977853207438,-0.04826461652251601,-1.7001016107590203
DEU,2009,1,0.91,2.754,7.425,5.6,108.45916666666666,10.559894163841728,8.244956292477136,95.40173330037693,1562215032989.8,-0.0025291038542010202,-0.054240354573215965,0.07870170086279993,-0.001011647560508977,0.45972466071762597
DEU,2010,0,-5.548,0.246,7.225,5.803,108.89166666666667,10.516734556931105,8.153643815479178,96.8593447395117,1511299435641.33,0.003987675853431849,-0.04224148701014374,-0.03259192638226416,0.015278668308314813,2.6219381400408395
DEU,2011,0,4.147,1.119,6.575,5.742,103.18416666666667,10.528252701793978,8.15219427053642,86.77037847097421,1454108187337.99,-0.05241447922246878,0.011584734109358896,-0.03784243344143812,-0.10416100063107192,-3.252586860376624
DEU,2012,0,3.764,2.482,5.517,6.29,102.09583333333335,10.547532694048726,8.249092806822636,83.24939659471916,1624030166650.3198,-0.010547483867841434,0.019467051538642366,0.11685649031617307,-0.040578155106617,-2.6063148014361275
DEU,2013,0,0.469,2.159,5.083,7.188,98.60416666666667,10.544404526258882,8.18873773437383,82.19127775713756,1647238417058.35,-0.03419989389054412,-0.00312328017074337,0.014290529132164442,-0.012710228312318161,-0.4655539518258678
DEU,2014,0,0.386,1.607,4.95,6.708,100.80250000000001,10.56424399646093,8.244896685131971,80.68477714827942,1603079051198.31,0.022294527783646823,0.020037580456266246,-0.026808120429160587,-0.018329202927220622,0.6419300157592716
DEU,2015,0,2.172,0.769,4.708,7.233,101.65833333333335,10.524260488705915,8.285720801419593,77.79203677704919,1681632269975.78,0.008490199482486416,-0.03919471514220141,0.0490014629776061,-0.03585236860621255,0.4153976545826623
DEU,2016,0,1.656,0.68,4.367,8.105,96.4225,10.501953968668325,8.138539912187138,76.5815039050479,1686751791104.02,-0.051504221657513005,-0.022059569232051324,0.0030443761217271437,-0.01556114124470942,1.3108713212984355
DEU,2017,0,2.289,0.367,3.908,8.907,97.80166666666666,10.51559064274789,8.170979904441165,75.98868305995538,1666811573884.91,0.014303369718340342,0.013730077607781999,-0.011821666545294596,-0.007741044702224031,2.17222723060695
DNK,1996,0,3.039,2.038,6.758,1.003,104.44583333333333,9.236242009498836,5.219544685382641,30.37174711317926,196622694739.57,,,,,
DNK,1997,0,2.9,2.092,6.317,1.648,102.68083333333334,9.500469448071016,5.233682840802171,31.01624831799424,216696800646.11502,-0.016898711453305015,0.3024243841596508,0.10209455186815286,0.021220419174875493,
DNK,1998,0,3.166,1.933,5.242,1.315,98.50333333333333,9.806827962687457,5.15468946095769,31.56600061913736,233241869336.668,-0.04068432115698328,0.3584692503366751,0.07635123657211973,0.017724655010070256,
DNK,1999,0,2.324,1.314,4.883,-0.149,100.68583333333333,9.528997718727284,5.175448922091768,34.342844281039184,198117827684.01898,0.02215661060539409,-0.2425746118640988,-0.15059063688925411,0.08796944837599474,
DNK,2000,0,2.971,2.041,5.108,2.53,100.695,9.959158749906589,5.181148517240597,34.09555853100252,204308506773.078,9.104226844214303e-05,0.5375050898726079,0.031247460975256658,-0.007200502905730377,
DNK,2001,0,3.72,2.751,4.317,1.991,96.30666666666667,9.579763708737081,5.1001285885790155,132.06093562108555,179839960127.372,-0.04358044921131454,-0.31572475762591634,-0.11976274033896583,2.8732591959449723,45.24712148366105
DNK,2002,0,0.954,2.269,4.508,3.644,97.69166666666666,9.687629894522718,5.105224001580794,138.75410333293655,82959109022.88809,0.014381143569154098,0.11389867993641589,-0.5387059196180196,0.05068241929661399,18.88228130263886
DNK,2003,0,0.454,2.397,4.642,2.997,99.59666666666668,10.16203685698089,5.186200746393203,141.4818503626661,75350570418.938,0.01950012795359557,0.6070608674070856,-0.09171432400329804,0.019658856669517055,0.8188420167795414
DNK,2004,0,0.441,1.961,5.433,3.925,104.67166666666667,10.491385322376976,5.386428971398295,139.8868147899134,66319658167.285,0.05095552059975228,0.3900621597621714,-0.11985194274499145,-0.01127378224602027,-12.420779607563276
DNK,2005,0,2.778,0.937,5.517,4.035,105.37916666666666,10.550486077070094,5.529381467329982,145.29299879291776,76401645878.03,0.00675923124691491,0.06088212420842121,0.15202110489342613,0.03864684467312762,-15.452415741105881
DNK,2006,0,2.357,1.726,4.8,4.052,103.89083333333333,10.389303013297951,5.580295703583139,157.13814784274675,63681849579.01,-0.014123601281088138,-0.1488637553670541,-0.16648589376367995,0.08152594514696165,-12.31196438949192
DNK,2007,0,3.82,1.844,3.9,3.18,103.25999999999999,10.280553186122594,5.646813454644815,168.74550256399388,56289812700.04,-0.006072078864834185,-0.10304521685635193,-0.11607760967744363,0.07386719826214949,-9.61780642350817
DNK,2008,1,0.987,1.657,3.617,1.292,103.8625,10.374397021385262,5.7689863993637065,184.03742470059993,73389669211.3201,0.0058347859771450405,0.09838820301783269,0.30378243755051515,0.09062121303533321,-4.862312051560707
DNK,2009,1,-0.417,3.638,2.65,2.865,105.23333333333333,10.592199913805961,5.872052998644141,190.31686614058046,-38885897718.53001,0.013198539736029247,0.24334197133847457,-1.5298551981009882,0.03412045919571094,-7.199407836259894
DNK,2010,0,-4.978,1.042,4.833,3.586,108.12666666666667,11.174076405943204,5.776478259666684,200.39918231773544,65205046149.6001,0.02749445676274953,0.7893930643095699,-2.676830161452809,0.052976472246592854,-5.701596980148025
DNK,2011,0,1.584,2.198,6.058,6.415,103.53333333333335,11.161010602418157,5.775625502807295,192.82994675065706,202732399967.07,-0.042481040754670296,-0.012980816458271982,2.109152004922143,-0.03777079067656708,-15.554116222850723
DNK,2012,0,1.313,2.656,5.95,6.346,102.74583333333334,11.265860566064319,5.841559840365514,187.07112826147798,294047489880.44,-0.007606245975531278,0.11054397588648457,0.4504217871844973,-0.02986475174743286,-19.444379391145958
DNK,2013,0,-0.005,2.354,6.075,6.064,99.94166666666666,11.3189522909558,5.789326942927799,182.29482500660802,283286059866.974,-0.027292266515268282,0.054526366999961606,-0.03659759183063116,-0.02553201714908082,-19.74484035628967
DNK,2014,0,1.393,0.522,5.758,7.368,100.78916666666667,11.319550376969282,5.842474279420914,176.47778714250967,347078738036.729,0.008479946635537416,0.0005982649025859654,0.2251882009291628,-0.03191005484597542,-19.021106950867676
DNK,2015,0,1.278,0.352,4.992,8.402,101.6925,11.151576758857999,5.865994857173251,173.40626422347074,539197324201.11707,0.008962603454405471,-0.15462386299036057,0.5535302659307739,-0.017404586541866607,-15.286600352675237
DNK,2016,0,2.101,0.226,4.542,7.957,97.7925,11.003806534291922,5.709628685547767,170.4826084106843,637196221206.1119,-0.038350910834132224,-0.1373706968057672,0.18174959816462644,-0.016860151078617935,-11.58764005011679
DNK,2017,0,3.076,0.017,4.125,7.088,99.13416666666666,10.992917232062506,5.743586351070063,167.0593462826272,678342044012.553,0.013719525185128312,-0.010830228396603747,0.06457323731229692,-0.020079831954533667,-8.620370324460993
ESP,1996,0,4.122,4.674,22.9,-1.194,95.61833333333334,10.388706095713312,6.421155492217074,,,,,,,
ESP,1997,0,2.421,3.599,22.08,-0.796,97.11,10.930943917720436,6.465335687880207,,,0.015600216137072742,0.7198512800625412,,,
ESP,1998,0,3.865,1.877,20.61,-0.667,92.56416666666667,11.097752386637186,6.380969635637417,,,-0.04681117632924858,0.1815279443082376,,,
ESP,1999,0,4.469,1.764,18.605,-1.623,93.6175,10.868377954246345,6.4289788812844035,,,0.011379493504505955,-0.20496920751379077,,,
ESP,2000,0,4.745,2.235,15.64,-3.203,93.44166666666666,10.352314052165019,6.453664368196451,,,-0.0018782100924863432,-0.40313474947609074,,,
ESP,2001,0,5.053,3.484,13.857,-4.236,91.22250000000001,10.292700947383999,6.394204278080789,,,-0.023749219655756604,-0.05787103172582908,,,
ESP,2002,0,3.919,2.825,10.54,-4.316,93.06,10.236578435963523,6.442226422988344,94.93944097729577,-3806427430.42599,0.020143056811641857,-0.054576696356725685,,,
ESP,2003,0,2.761,3.59,11.45,-3.661,95.355,10.391774548968982,6.563061134923037,99.2929603794007,-10170479978.810001,0.024661508704061808,0.16788697647293827,1.671922731933389,0.045855751385201815,
ESP,2004,0,2.937,3.103,11.485,-3.821,99.99083333333333,9.77068492287079,6.810953587426959,106.54405288264483,-40480792297.605,0.04861657315645029,-0.4626414014731739,2.9802243730822884,0.07302725667094179,
ESP,2005,0,3.11,3.054,10.965,-5.418,102.1125,9.257353625040402,6.974800655330889,115.9283258474128,-10395285980.2661,0.021218611706073087,-0.4015015224900613,-0.7432044831572844,0.0880788060043527,
ESP,2006,0,3.552,3.384,9.153,-7.195,102.52416666666666,9.058832864223225,7.052120522931732,135.8712539946257,19193459882.013,0.004031501203737742,-0.18005725211778367,-2.846361891192693,0.17202808719468776,
ESP,2007,0,4.046,3.561,8.453,-8.796,103.81416666666667,9.21912378462129,7.140384894978811,156.5802566429447,49382990590.654,0.012582399271716449,0.17385231890620778,1.5729071722463588,0.15241636504759226,7.671955628897166
ESP,2008,1,3.533,2.843,8.233,-9.351,105.28166666666668,9.286557154739263,7.297714117218833,167.63594146301625,31605748840.100002,0.01413583566790022,0.06975897930864128,-0.35998714411432253,0.07060714458580941,3.2885974398298004
ESP,2009,1,0.766,4.131,11.245,-8.791,107.01166666666667,9.353572546992513,7.399970396593091,170.74302069699542,-48728913712.945,0.01643211068720407,0.06931193716806905,-2.5417737437411976,0.0185346841904106,-3.8136970574044824
ESP,2010,1,-3.768,-0.239,17.855,-3.977,106.69583333333333,9.456166008807953,7.309856736354641,173.38232415959143,-64484812594.071,-0.0029513915928170986,0.10804085658056328,0.32333778203925756,0.01545775312994957,-8.054899290230281
ESP,2011,1,0.094,2.043,19.858,-3.558,103.53583333333334,9.495961321773265,7.26483863950746,171.3251233585079,-122356877241.62,-0.029616901628460757,0.04059775552317135,0.8974526298440386,-0.011865112611998185,-12.999026224018309
ESP,2012,1,-0.638,3.05,21.39,-2.614,104.1275,10.159747492699678,7.304722381102638,167.02710795459862,-192325932591.174,0.005714607664013105,0.9421316741170072,0.571844075518412,-0.025086895136304355,-16.604862953178326
ESP,2013,0,-2.866,2.436,24.788,0.156,101.89416666666666,10.247575324359387,7.194315222082204,157.43433169492377,-189487402351.51498,-0.021448064472241568,0.09180013242900409,-0.014758957366882375,-0.05743245139754416,-21.038774242000585
ESP,2014,0,-1.428,1.53,26.095,2.081,103.43333333333334,10.245946014475793,7.216861457540161,145.7595753725435,-106268835790.733,0.015105542515518655,-0.00162798327882685,-0.43917730428540347,-0.07415635583859559,-23.61490961404141
ESP,2015,0,1.521,-0.19,24.443,1.78,102.91833333333334,10.40095990995603,7.2302734662693755,129.35899644737134,-87700782643.6854,-0.004979052529809902,0.16767418638597698,-0.17472717197741994,-0.11251802074240624,-26.454714930761696
ESP,2016,0,4.062,-0.629,22.058,2.046,97.99333333333334,10.563876645519514,7.095302325757901,118.21689025601778,-88629934208.767,-0.04785347605706791,0.17693868847180494,0.010594564119873473,-0.0861332145220115,-22.842622976122513
ESP,2017,0,2.915,-0.337,19.635,3.147,98.52583333333332,10.756762905635552,7.125019983690908,110.9018341589735,-121196995116.17801,0.005434043132185762,0.21274484821601658,0.3674499050253113,-0.061878265290199574,-16.28665850187639
EST,1996,0,2.155,29.003,9.645,-4.04,56.987500000000004,6.362355463575814,1.3632815868108177,,,,,,,
EST,1997,0,4.943,19.742,9.881,-8.346,64.59083333333332,6.456204346678619,1.5654860249049176,,,0.13342107187248642,0.09839374751988395,,,
EST,1998,0,13.05,9.311,9.634,-10.904,67.3875,6.630287528937328,1.6409365794934714,,,0.043298197628662605,0.1901545614475999,,,
EST,1999,0,4.34,8.782,9.831,-8.459,73.98666666666666,6.697688354679495,1.7365990580507795,,,0.09792864650961475,0.06972416523690095,,,
EST,2000,0,-0.425,3.098,12.201,-4.267,77.09583333333333,6.747727361982003,1.7528453757288294,,,0.042023337538295236,0.05131210442549938,,,
EST,2001,0,10.088,3.932,14.602,-5.41,74.57000000000001,6.825047356109139,1.741693491554571,,,-0.03276225476949668,0.08038773881612915,,,
EST,2002,0,5.881,5.626,13.009,-7.105,76.8475,6.709548212957959,1.8349785883480316,,,0.030541772830896985,-0.10907866437835367,,,
EST,2003,0,6.933,3.588,11.227,-11.063,78.81583333333333,6.908095221195235,2.000533606574963,,,0.02561349859570372,0.2196293586930016,,,
EST,2004,0,7.596,1.387,10.342,-12.867,81.49416666666667,7.224953252525223,2.2919285128055167,,,0.03398217363262468,0.3728076624122496,,,
EST,2005,0,6.801,3.038,10.14,-11.92,83.3025,7.488928297417262,2.4982341099988625,40.2980800105181,686017220.3293201,0.022189727281093585,0.3020957019566268,,,
EST,2006,0,9.523,4.117,8.031,-8.677,84.31,7.572051129153346,2.648229422783671,56.57390871153367,775893032.46215,0.01209447495573368,0.08667527856191937,0.13101101469389542,0.403885959250849,
EST,2007,0,9.763,4.444,5.912,-14.925,85.62583333333333,7.930617247199904,2.836091550983094,76.22456527859846,-491666575.68474,0.015607084964219364,0.4312756621506024,-1.6336782972834916,0.3473448629342917,
EST,2008,0,7.571,6.745,4.592,-14.859,89.0125,8.090275714926916,3.112537053096075,83.74761304347481,-2466638416.9614797,0.039551926501931955,0.17311014759054633,4.016892623880752,0.09869584349061022,
EST,2009,0,-5.125,10.606,5.455,-8.656,94.295,8.285203351452713,3.195975604981868,89.66887262603436,-3106924200.6095,0.05934559752843693,0.21522304554640526,0.25957829053710846,0.07070362207798953,
EST,2010,0,-14.63,0.199,13.549,2.55,95.58416666666666,8.262221145055385,2.9803140208256105,101.3830349840814,-2733925106.51036,0.01367163334924082,-0.022720127051671812,-0.12005413393283526,0.13063800196196484,-2.602225034757751
EST,2011,0,2.45,2.741,16.707,1.783,92.88083333333333,7.808062953423526,2.9739466814820688,92.80434922111775,-1773921061.07265,-0.028282229448740592,-0.3650177235820855,-0.351144968511255,-0.08461658071600087,-11.925323609434841
EST,2012,0,7.607,5.08,12.325,1.31,94.04416666666667,4.601466355267668,3.1484533605716547,77.72733932681423,-1052919408.7072699,0.012525009644975382,-0.959505802962319,-0.4064451728925337,-0.16246016507675398,-20.146661550901527
EST,2013,0,3.672,4.219,10.023,-1.879,93.1475,5.189831973542685,3.146391149839104,72.23596262838056,97605723.68294239,-0.00953452721682202,0.80104241779775,-1.0927000897464494,-0.07064923032222281,-18.180952932292314
EST,2014,0,1.757,3.247,8.628,-0.14,95.745,5.241412091254058,3.2367550349554373,68.56881284789606,923797329.5194119,0.02788587992162972,0.05293354153848906,8.464581529257746,-0.05076626166595488,-14.75248957433432
EST,2015,0,3.323,0.476,7.351,0.583,96.46750000000002,5.758105757140006,3.2981674813426114,66.22448268107267,1426018070.03566,0.0075460859574914,0.6764754880086563,0.543648183933936,-0.03418945245593985,-10.822979388481855
EST,2016,0,1.838,0.068,6.185,1.475,94.03083333333332,5.705968352882728,3.1490540384976407,67.7220402662715,1282182008.37278,-0.025258938675374543,-0.050801566023750744,-0.10086552525893522,0.02261335271444631,-5.168712669969537
EST,2017,0,3.093,0.8,6.758,0.978,94.84083333333332,5.493692780630729,3.200874773758648,68.4124027630138,1399670466.3210201,0.008614195698219529,-0.19125819994340132,0.09163165383777683,0.010194059334714511,-1.7132817191276501
FIN,1996,0,4.233,0.398,15.5,3.832,117.17750000000001,9.137059749781768,4.899405737409714,,,,,,,
FIN,1997,0,3.662,1.063,14.6,3.518,110.14666666666666,8.733159044576341,4.883150346728114,,,-0.060001564577955246,-0.33228958185378865,,,
FIN,1998,0,6.398,1.217,12.7,4.753,105.4325,8.926876058925387,4.8443996622879455,,,-0.04279899527902187,0.21375275973764363,,,
FIN,1999,0,5.454,1.349,11.5,4.708,106.7675,9.048785683331095,4.899062932216585,,,0.012662129798686195,0.12965200419559997,,,
FIN,2000,0,4.389,1.31,10.275,4.846,105.82,8.894586809618648,4.908004383009295,,,-0.008874423396632913,-0.1428984509061847,,,
FIN,2001,0,5.754,2.952,9.875,7.161,100.94083333333333,8.901191460195259,4.836464429975677,,,-0.046108171108171114,0.006626509377979817,,,
FIN,2002,0,2.64,2.665,9.2,7.676,102.03916666666667,8.881499734481753,4.863843030154892,52.65456618347493,16138093308.835299,0.01088096161943053,-0.019499110066193093,,,
FIN,2003,0,1.687,2.007,9.175,7.821,103.3575,9.040357361284705,4.943512102239956,55.43637825255491,20859792028.1362,0.01291987553798779,0.17217104906038427,0.29258095296275566,0.0528313548228041,
FIN,2004,0,2.012,1.29,9.075,4.315,107.8925,9.163719408389074,5.144991346595335,60.284482644976734,24249490446.9998,0.04387683525627062,0.13129392850350752,0.16249914736884685,0.087453483529083,
FIN,2005,0,4.005,0.147,8.875,5.604,107.77499999999999,9.34358501849297,5.2850750731270475,63.73274705337626,25182876597.399002,-0.0010890469680470138,0.19705648001553988,0.0384909593230105,0.05719986731422755,
FIN,2006,0,2.778,0.774,8.475,2.877,104.97000000000001,9.217893544811806,5.322878263147165,69.25473382483331,22018572706.616302,-0.02602644398051479,-0.11811310986916501,-0.12565299593730772,0.08664284887692641,
FIN,2007,0,4.019,1.275,7.775,3.931,103.62583333333333,8.721697856904411,5.380155384763669,73.41389902869936,27614086691.7601,-0.01280524594328547,-0.3911575136973746,0.25412700721797554,0.06005604200841885,0.31656434919629817
FIN,2008,0,5.313,1.583,6.95,4.029,104.90083333333332,8.808252883283975,5.546699722725872,76.28288400985785,33854836502.853096,0.012303881754067048,0.09041136745676681,0.2259987766662297,0.039079588730696946,-0.562253862143308
FIN,2009,0,0.784,3.916,6.425,2.543,106.51583333333333,8.778369103919298,5.6548267967901324,80.10532655866318,27747075572.5221,0.015395492568378133,-0.029441674100764592,-0.18041029174121903,0.050108783882782504,-0.4893478831993292
FIN,2010,0,-8.076,1.634,8.325,1.996,107.515,8.909673453450168,5.534203386671724,86.30863620106199,31298203001.275,0.009380452045470555,0.1403147827736273,0.12798204334980734,0.07743941519114794,0.9849002363298496
FIN,2011,0,3.168,1.686,8.5,1.362,101.4975,8.501041085650934,5.519991839294559,88.13321498615444,41735294720.325,-0.0559689345672697,-0.33544149947687785,0.3334725549139297,0.02114016470891711,-0.8439736882896369
FIN,2012,0,2.389,3.324,7.9,-1.551,101.34666666666668,8.576890814290122,5.617058329138935,89.5337836128608,52898997231.882,-0.0014860792958775182,0.0788004491646781,0.2674882874642863,0.015891495923828325,-2.188473074523202
FIN,2013,0,-1.523,3.162,7.8,-2.23,98.89999999999999,8.64772473398654,5.551431285884411,92.07547734781262,48046253535.977394,-0.024141560321010558,0.0734029399777405,-0.09173602430746797,0.02838809701086653,-2.1624091890887343
FIN,2014,0,-0.98,2.216,8.325,-1.883,100.61916666666667,8.807752670161108,5.5994288593114785,93.31341493977799,43099449187.2503,0.017382878328277895,0.17354365485428613,-0.10295921085757276,0.013444813186133109,-2.8126816563329413
FIN,2015,0,-0.478,1.209,8.825,-1.357,102.33583333333333,8.766252458732108,5.61148076486433,93.36620436715164,44086101198.5802,0.017061030453111137,-0.040650867492776244,0.022892450598226644,0.0005657217390202529,-3.7655148547479342
FIN,2016,0,0.467,-0.156,9.575,-0.908,98.52666666666666,8.736883218173526,5.452042241447528,94.98506127730838,53147822318.9628,-0.037222217698264726,-0.028942155678725046,0.20554598556051107,0.017338788923996207,-3.079913075236206
FIN,2017,0,2.572,0.389,8.975,-1.969,99.5075,8.778844001435619,5.4752578043895115,94.78437026289073,34536617534.0307,0.009955003721496825,0.04285358063327682,-0.350178125328227,-0.0021128692419508655,-3.5591351502020814
FRA,1996,0,2.457,1.769,10.508,0.46,116.60583333333334,10.049404427436283,7.375412407346749,,,,,,,
FRA,1997,0,1.347,2.079,10.833,1.211,115.545,10.048443374639945,7.377288797743253,,,-0.009097600891893598,-0.000960591133004951,,,
FRA,1998,0,2.515,1.27,10.892,3.157,110.09166666666665,10.20717424013474,7.280048224518117,,,-0.04719661892192084,0.17202247254189817,,,
FRA,1999,0,3.466,0.673,10.692,3.126,111.26416666666667,10.56495958046404,7.312536153055575,,,0.010650215729316681,0.43015859015554914,,,
FRA,2000,0,3.261,0.577,10.442,3.895,108.51416666666667,10.432154440205576,7.305451621558802,,,-0.024715953773676747,-0.12436429836773288,,,
FRA,2001,0,4.364,1.815,9.175,1.103,102.67833333333333,10.377058125168798,7.216386380184301,,,-0.05377946043911319,-0.053606008408417005,,,
FRA,2002,0,1.846,1.784,8.458,1.583,102.47416666666668,10.179724642824768,7.222847730962397,77.38838614865166,267076417959.099,-0.001988410407908092,-0.17908317360720982,,,
FRA,2003,0,1.12,1.937,8.275,1.155,104.10083333333334,9.997206512475893,7.307452451150727,76.52843930689924,335781161243.94696,0.015873919443111673,-0.16683046186300465,0.2572475091955504,-0.0111120916787254,
FRA,2004,0,0.994,2.172,8.525,0.84,109.40166666666666,10.04852857947003,7.514601920756194,75.96124495843219,365989114134.03,0.05092018155474243,0.05266186633739167,0.08996321526250495,-0.00741154992319204,
FRA,2005,0,2.519,2.335,8.867,0.535,111.23666666666666,10.27769409595804,7.653890941287301,76.97441618831162,426596952513.167,0.016773053426974105,0.25755016707220113,0.16560011223979076,0.01333800190391643,
FRA,2006,0,1.988,1.888,8.875,0.104,109.7625,10.085653972296955,7.693188981788623,80.32432947189795,543930027694.6099,-0.013252524647148656,-0.17472624517707414,0.2750443351510379,0.0435198270993189,
FRA,2007,0,2.929,1.892,8.842,0.254,108.96416666666666,10.603784884727977,7.748453552782987,84.35728351489864,549048926548.20996,-0.007273279429070412,0.6788867289704985,0.009410951028565151,0.05020837484129448,2.335348056414418
FRA,2008,1,2.486,1.605,8.017,-0.102,109.37666666666667,10.682523626169615,7.884625455181651,88.97430656435604,505432478022.96,0.0037856481870952585,0.08192162385954926,-0.07944000327887013,0.05473176538030611,2.8901982886283264
FRA,2009,1,0.265,3.161,7.433,-0.697,109.77333333333333,10.32161228833307,7.981556639727559,92.6357426084034,458534546203.69,0.0036266114040166553,-0.3029592031276922,-0.09278772904090982,0.04115161090240149,2.505858357787133
FRA,2010,0,-2.732,0.102,9.125,-0.55,109.58916666666666,10.23022210283658,7.899948714372902,95.0966407247871,597161633027.8201,-0.0016776995020041374,-0.08733846587754024,0.30232637425436026,0.026565319682129385,1.4273800655798397
FRA,2011,0,1.843,1.738,9.267,-0.629,105.56,10.497118771377032,7.881707564766711,95.84714523015691,656231070500.31,-0.03676610370550604,0.30590549823741964,0.09891700036552442,0.007892019104458248,-0.35840452935505596
FRA,2012,0,2.485,2.287,9.208,-0.858,104.76083333333334,10.17149475028102,7.962033510273097,96.64919195162854,637166079102.58,-0.007570733863837331,-0.2779233780213868,-0.02905225347406204,0.00836797715305626,-1.4126580267814433
FRA,2013,0,0.221,2.217,9.767,-2.132,101.59750000000001,10.3205570024049,7.895326503741004,96.5785492959372,577724530297.7091,-0.030195763365761685,0.16074524581683547,-0.0932905105190025,-0.0007309182235760714,-2.5262330089310296
FRA,2014,0,0.915,0.989,10.308,-0.609,102.66166666666668,10.218799991321715,7.943114974907794,95.87696268718415,548806411572.244,0.010474339099551422,-0.09675099549728872,-0.0500552031442445,-0.007264414446765399,-3.4456046928506225
FRA,2015,0,1.02,0.611,10.267,-0.913,102.75666666666666,10.263174529744852,7.959266526109632,93.91590815036459,554847595826.079,0.0009253697420328333,0.045373814235556864,0.011007860197055575,-0.020453865890786016,-4.568556870459659
FRA,2016,0,0.986,0.089,10.342,-0.325,97.68166666666667,10.501564927649518,7.800871954675279,94.94542022682276,543679664188.618,-0.04938852304797736,0.2692045909303189,-0.02012792651797246,0.010962062729669597,-3.0204563601745917
FRA,2017,0,0.728,0.307,10.067,-0.528,98.49166666666667,10.576052193447305,7.811862492294616,97.49046876198574,495843873157.17896,0.008292241805865963,0.07733162447614839,-0.08798524973860977,0.026805384915701058,-0.8267612440598668
GRC,1996,0,2.1,8.788,10.0,-2.38,101.53916666666667,9.589529948672084,4.905541409555861,,,,,,,
GRC,1997,0,1.382,7.873,10.3,-3.574,105.00166666666667,9.760615528868014,4.959433223617854,,,0.03410014198133715,0.18659229347751682,,,
GRC,1998,0,3.603,5.441,10.3,-3.837,105.28083333333332,9.42876078682126,4.93397020916077,,,0.0026586879573338162,-0.2824084488357471,,,
GRC,1999,0,3.437,4.517,11.2,-2.714,103.65833333333335,9.751984198780267,4.940363033110902,,,-0.015411162209012175,0.3815739765776338,,,
GRC,2000,0,2.659,2.141,12.125,-3.721,104.20083333333334,9.782787767298343,4.967679079302797,,,0.005233539673607179,0.031282907559211814,,,
GRC,2001,0,4.138,2.897,11.35,-6.149,96.86333333333334,9.481550015859431,4.847629971818884,,,-0.07041690325573202,-0.2600981608936026,,,
GRC,2002,0,4.65,3.642,10.775,-7.109,97.88833333333334,8.473705563917779,4.883188211603525,51.696591000447064,16245756229.4804,0.010581919542998586,-0.6349950821547025,,,
GRC,2003,0,4.683,3.921,10.35,-6.433,100.5025,8.939750328361036,5.011621474327307,54.87183274152032,4402223060.07671,0.026705599918274148,0.5936783378752857,-0.7290231985576513,0.06142071807105798,
GRC,2004,0,5.797,3.45,9.775,-6.47,106.32166666666666,8.25408901928457,5.282599485305984,58.73196093771455,9957420327.2079,0.0579007155709228,-0.4962430196668315,1.2619072662425217,0.07034808212763322,
GRC,2005,0,5.378,3.02,10.6,-5.673,108.5625,6.611646602216064,5.459044942529733,63.877542809832654,12787320780.832201,0.02107598012321099,-0.8064931597617272,0.28420016034592943,0.08761127314606454,
GRC,2006,0,1.183,3.486,10.0,-7.515,108.68,5.733604640272819,5.490795503551361,73.65739571979807,5552801959.1586,0.0010823258491652332,-0.5844041319520359,-0.5657572016585305,0.15310314830175353,
GRC,2007,0,6.443,3.314,9.0,-11.041,109.26833333333333,6.0119287692275245,5.5950384636504875,77.5454374177186,1980398366.6439102,0.005413446202919836,0.3209142743922564,-0.6433515221306408,0.05278548962973284,0.48585825050329845
GRC,2008,1,3.507,2.989,8.4,-14.128,110.62083333333334,6.250321128379928,5.7502333969951165,85.79842374285374,2057554887.87799,0.012377785573740585,0.26920708015739203,0.038960101428902716,0.1064277486846621,1.6967438679138098
GRC,2009,1,0.058,4.23,7.75,-14.679,112.63583333333332,5.066724406807842,5.861022662748363,90.50731365552849,5474427126.448,0.018215375343703988,-0.6938244723061058,1.6606469449249635,0.05488317508941365,0.2937097834824556
GRC,2010,1,-4.119,1.347,9.6,-11.018,114.28916666666667,5.29231337863033,5.788350313080109,89.22442515661997,27352901951.482,0.014678573278190221,0.25306051623475256,3.9964866313289518,-0.014174418034228697,-4.081056853677609
GRC,2011,1,-5.694,4.704,12.725,-10.066,113.57333333333334,4.684278919181678,5.692586701895467,112.81427733685314,-52724707692.456,-0.006263352461227778,-0.4555801024935262,-2.9275727228495896,0.2643878303370939,8.648970658399378
GRC,2012,1,-9.877,3.118,17.85,-10.141,114.19749999999999,3.3931551628714085,5.646075675186217,119.20138253453842,-64431265209.269,0.005495714956562425,-0.7250383804450062,0.22203171964646096,0.056616107007573024,5.296494856214693
GRC,2013,0,-8.331,1.035,24.425,-2.595,110.77083333333333,3.8880949799665263,5.476430078567937,120.14793138069196,-28034071174.840702,-0.030006494596349853,0.6403995120784312,-0.5648995703593951,0.007940753924387423,-0.6117848392095624
GRC,2014,0,-2.272,-0.854,27.475,-2.609,109.1925,5.27019095145004,5.466201875544222,119.79020368073807,5287764203.51309,-0.01424863644912544,2.9832416451220998,-1.1886192044863828,-0.002977393749880042,-5.139739988459823
GRC,2015,0,0.792,-1.394,26.5,-2.51,107.37333333333333,6.585920174960394,5.455201450078439,117.8950571898086,8485067608.06587,-0.01666017965214328,2.727468151830346,0.6046607377894333,-0.015820546527998025,-8.606490811359947
GRC,2016,0,-0.228,-1.094,24.9,-1.487,101.43666666666667,7.311193334005669,5.270879363820541,113.43335731522382,9210073437.22217,-0.055289954054389634,1.0652951769803636,0.08544490894416823,-0.03784467288905535,-11.779170826678296
GRC,2017,0,-0.032,0.013,23.55,-2.374,101.50583333333333,7.558729500797129,5.262918142196171,108.62709749602726,16756748328.6331,0.0006818704610429549,0.2808656863481882,0.8193935632381957,-0.0423707799271098,-13.089171168977515
HRV,1996,0,6.634,1.963,14.5,-6.324,98.57583333333334,7.470452030158017,3.028054245016116,,,,,,,
HRV,1997,0,5.874,3.644,9.952,-4.261,97.21499999999999,7.690925962189671,3.0957585876211153,,,-0.013804938668199762,0.24666742622764048,,,
HRV,1998,1,6.645,3.709,9.906,-11.251,97.135,7.7798433081765594,3.095622856368786,,,-0.0008229182739287744,0.09299031255711943,,,
HRV,1999,1,1.862,6.709,11.637,-6.101,100.15249999999999,7.85724865168401,3.176844766391273,,,0.03106501261131389,0.08047995317529999,,,
HRV,2000,0,-0.936,4.014,18.633,-6.312,96.27,7.9499030306691205,3.1609500578645764,,,-0.038765882029904386,0.09708249496981902,,,
HRV,2001,0,3.749,4.605,20.592,-1.408,95.24333333333334,8.124713407865393,3.0976117373751615,,,-0.01066445067691546,0.19102035058018552,,,
HRV,2002,0,3.108,4.26,21.508,-2.177,98.8525,8.43285460297921,3.1384030247181536,,,0.03789416582087979,0.3608931268323019,,,
HRV,2003,0,5.804,2.534,21.783,-6.387,99.53083333333332,8.679851725168884,3.28612317381669,,,0.006862075651433264,0.2801754286709026,,,
HRV,2004,0,5.568,2.399,19.067,-8.94,99.4925,9.01069823767515,3.5621534238208534,,,-0.0003851402831616113,0.39214609889334895,,,
HRV,2005,0,4.172,2.144,17.783,-5.961,101.15166666666666,9.077708973839668,3.7333746940004877,,,0.016676298883500307,0.0693069583683974,,,
HRV,2006,0,4.326,2.995,17.583,-7.303,102.58083333333333,9.08248733328199,3.807439965235706,,,0.01412894827898703,0.004789794007369785,,,
HRV,2007,0,5.084,3.288,16.525,-7.929,104.31416666666667,9.349009129910733,3.9038496947389847,,,0.016897243637131742,0.3054160426940806,,,
HRV,2008,0,5.048,2.659,14.733,-7.94,104.57916666666667,9.523249262602437,4.082659894943262,,,0.0025404027896498427,0.19034137138091722,,,
HRV,2009,0,1.968,5.803,13.033,-10.968,108.295,9.469376639944532,4.22638108808985,,,0.03553129606757244,-0.052447204428297645,,,
HRV,2010,0,-6.814,2.225,14.517,-6.491,109.33416666666666,9.576304575234479,4.131238853404376,,,0.009595703094941177,0.11285405408481175,,,
HRV,2011,0,-1.332,1.083,17.167,-2.156,106.97166666666668,9.522621526202514,4.0780796697560655,,,-0.021608067011684162,-0.05226755638134262,,,
HRV,2012,0,-0.1,2.21,17.367,-1.723,104.05083333333333,9.548102069742068,4.1413712676498555,,,-0.027304738014739205,0.02580794748452675,,,
HRV,2013,0,-2.252,3.353,18.6,-1.763,102.53416666666668,9.570761582494322,4.0532621171208705,69.23414497558962,5887950175.83887,-0.014576208744123353,0.022918189647171072,,,
HRV,2014,0,-0.126,2.326,19.808,-1.049,103.16000000000001,9.758279514160188,4.091908263521751,67.9137838519632,7859881943.7963,0.006103656504742316,0.20625187933269995,0.3349097239391099,-0.0190709529826929,
HRV,2015,0,-0.555,0.22,19.275,0.294,102.27166666666666,9.614575557257925,4.088125262408184,66.74709809368656,9563614471.70584,-0.008611218818663668,-0.13385587390196474,0.21676311935629933,-0.017178924396551887,
HRV,2016,0,2.322,-0.256,17.067,2.55,100.11500000000001,9.58493927861769,3.9320608991646533,63.17977432004478,12011259133.0969,-0.021087626093900136,-0.029201430482983737,0.255933012422497,-0.05344537628639179,
HRV,2017,0,3.461,-0.63,14.958,2.094,100.4525,9.53489751603401,3.9634762870170617,58.99181747751712,13105137313.2542,0.003371123208310456,-0.04881030046821078,0.09107106657478803,-0.06628635330846644,
HUN,1996,0,2.541,28.303,10.17,-3.482,78.55583333333334,9.383452989684827,3.8411283266515985,21.635894899637677,-1551752879511.75,,,,,
HUN,1997,0,0.101,23.455,9.89,-3.815,79.265,9.173572647783969,3.846609434879821,21.28063706633916,-1322269490101.62,0.009027549407533808,-0.1893187552565181,-0.14788655619078694,-0.01641983541454828,
HUN,1998,0,2.978,18.295,8.73,-4.052,82.27666666666666,9.027858802380862,3.8586011314320716,23.466037313888005,-1083969996085.98,0.03799491158350676,-0.13559497873223358,-0.18022006542503388,0.102694305660878,
HUN,1999,0,3.848,14.227,7.8,-7.055,82.75833333333334,9.131188933670746,3.887402390245899,23.339682608883958,-976008355206.516,0.005854231657416165,0.1088574171867498,-0.09959836643937936,-0.005384577860926942,
HUN,2000,0,3.086,9.973,7.0,-7.876,84.53,9.27865301215827,3.895080284697834,25.465151547382874,4885869465.68359,0.021407713221226476,0.15889165494101087,-1.0050059709423798,0.09106674559875483,
HUN,2001,0,4.409,9.788,6.433,-8.493,84.17916666666666,9.297893268984044,3.8560027671499943,31.845911288805993,244179711356.663,-0.0041504002523760075,0.01942654338283356,48.97671613449448,0.2505683003515795,2.7568125376221246
HUN,2002,0,4.062,9.151,5.74,-5.819,91.58416666666666,9.24009333012553,3.9852734671677386,32.612563833927574,1064571793264.21,0.08796713359402064,-0.05616124599175443,3.3597880730935703,0.024073814002963267,0.8614108903482318
HUN,2003,0,4.73,5.261,5.843,-6.341,101.20833333333333,9.18204377282107,4.214140385676183,34.34431074701076,575298487286.032,0.10508548602833456,-0.05639681615220349,-0.45959634575509367,0.05310060631545954,0.29178844918346414
HUN,2004,0,3.939,4.665,5.901,-7.995,104.4825,9.395075679994072,4.444884056054749,36.510013854313456,1268335359414.72,0.032350761630300706,0.23742413331961743,1.204656169700856,0.06305856953298128,0.19501369461422513
HUN,2005,0,4.963,6.75,6.122,-8.537,111.7025,9.637306011530349,4.644535119510346,38.94909665154715,1130116051904.11,0.06910248127676888,0.2740876215811787,-0.10897694090496057,0.0668058578933004,0.2904961491791056
HUN,2006,0,4.3,3.562,6.8,-7.195,113.21999999999998,9.814437735702617,4.728254699499761,43.25453180072025,1305350602782.12,0.013585192811262026,0.19378833355082858,0.15505889911284854,0.11054005148543222,1.4907101651904
HUN,2007,0,3.934,3.904,7.075,-7.46,107.49583333333334,9.967213243416673,4.750170557715764,47.2791787368685,1451635997550.13,-0.05055791085202832,0.16506340183646695,0.11206598017132618,0.09304567102218031,1.9645416781868974
HUN,2008,1,0.332,7.952,7.0,-7.375,120.14916666666666,10.076305761898272,4.942520608319902,53.19802284920734,938847634162.81,0.11770998875925409,0.11526552824169634,-0.3532485859077158,0.1251892327758075,3.3207787974958833
HUN,2009,1,0.993,6.056,7.425,-7.482,123.70583333333333,10.422876406962606,5.06403703082291,59.36028567935985,-423556592999.39996,0.029602091844165956,0.41420939721532823,-1.4511451886195508,0.11583631308290854,4.084682192572259
HUN,2010,1,-6.74,4.198,9.675,-1.318,116.46,10.656765115149097,4.873722954410696,59.902839903580954,43409928653.5,-0.058573093427283895,0.2635038667459846,-1.102489087340358,0.009140020436420482,0.6695009301802841
HUN,2011,1,1.068,4.872,10.775,-0.263,117.31166666666667,10.682376554540992,4.882036478193392,60.3209175671504,153982514829.4,0.007312954376323733,0.02594223027849063,2.547172723053644,0.006979262823638699,-1.6415056374902264
HUN,2012,1,1.917,3.929,10.675,0.321,116.81416666666667,10.773210648593949,4.953803885607758,58.44700532091949,2400715914904.1,-0.004240839927827644,0.0950873086895665,14.590834566924022,-0.031065711892476422,-4.447321516737873
HUN,2013,0,-1.339,5.661,10.675,1.136,113.5025,10.692581074143282,4.8556954140435185,50.41666169591939,4074036631324.97,-0.028349871947609073,-0.07746464117338925,0.6970090488560423,-0.13739529648965365,-9.809817503040911
HUN,2014,0,2.032,1.713,9.825,3.084,112.445,10.741903225687317,4.910048551018126,46.09688240030499,6968572602020.65,-0.009316975397017702,0.0505587353502317,0.7104835406829197,-0.08568158125320757,-10.079071150244815
HUN,2015,0,4.334,-0.229,7.525,0.881,107.85166666666667,10.640053353463594,4.949674365735114,42.532027671318254,7974663590359.28,-0.040849600545451725,-0.09683486833571153,0.14437547626997493,-0.07733396584240915,-8.963238820242545
HUN,2016,0,3.66,-0.066,6.625,2.165,103.23833333333333,10.401227936753463,4.830263834625915,35.097671257094696,8341153942489.37,-0.04277479872046497,-0.21244763614602036,0.04595684168710856,-0.17479430963591147,-10.003924404865806
HUN,2017,0,2.439,0.397,4.975,4.372,103.93833333333333,10.142740645583405,4.859688365661439,33.31915431978987,8766122776058.851,0.006780427166911629,-0.22778115501519758,0.05094844628208017,-0.05067336018612112,-6.259738741653173
IRL,1996,0,9.593,2.518,14.1,2.478,100.82333333333334,9.00914175941254,4.237867538974276,,,,,,,
IRL,1997,0,9.092,2.18,11.8,2.666,102.46583333333332,8.950908802950456,4.329785522828191,,,0.01629087182199873,-0.05656985631305411,,,
IRL,1998,0,10.747,1.253,9.858,2.348,102.26833333333333,8.702792703174074,4.418322401261625,,,-0.0019274717588788626,-0.21973065107778456,,,
IRL,1999,0,8.765,2.13,7.55,0.363,100.05666666666667,9.062060757002753,4.503192829875627,,,-0.021626114307133126,0.4322806784391249,,,
IRL,2000,0,10.53,2.412,5.917,-0.115,96.4775,8.490659259637695,4.59504914056402,,,-0.035771396208814976,-0.4352665885709647,,,
IRL,2001,0,9.403,5.303,4.383,0.614,92.58999999999999,8.51372478343733,4.6076969909259615,,,-0.040294369153429765,0.0233335900556062,,,
IRL,2002,0,5.306,3.998,4.183,0.179,95.98166666666667,8.55555180229689,4.694526311904185,71.776397881,15602128327.864,0.036631025668718786,0.04271409327656084,,,
IRL,2003,0,5.9,4.686,4.733,0.247,101.2925,8.492773646539485,4.855967814084117,75.40688794642658,13541295172.890999,0.0553317473823125,-0.0608482040004088,-0.13208666866894936,0.050580555344190925,
IRL,2004,0,3.014,4.0,4.85,0.492,111.50166666666667,8.138913070278232,5.10370053165993,85.71898387088376,32764555887.079002,0.1007889692392494,-0.29802716779034066,1.4196028126373035,0.13675270529375894,
IRL,2005,0,6.789,2.31,4.75,-0.098,114.64833333333333,7.750933752046235,5.26931585898896,104.89955932470502,48727632884.592,0.028220803874381417,-0.32157362582411053,0.48720565761760204,0.22376111553903222,
IRL,2006,0,5.739,2.201,4.633,-3.54,114.39583333333333,6.243040013537688,5.356553255258953,124.6403805509429,59092511391.341095,-0.002202387009550888,-0.7786242375011468,0.21271048670263926,0.18818783752115054,
IRL,2007,0,4.988,2.674,4.767,-5.353,116.30916666666667,6.202069112891788,5.4475689223838835,144.5708584940264,93653949417.1161,0.016725550901475206,-0.04014293923809098,0.5848700150327228,0.15990385984851474,5.3189092796482385
IRL,2008,1,5.31,2.889,5.008,-6.511,122.17666666666666,6.381449012673852,5.59883668780131,158.0991297096176,53289843825.084,0.05044744252029432,0.19647519850602402,-0.4309920280271191,0.09357536751537099,1.827164552552091
IRL,2009,1,-4.484,3.119,6.8,-6.255,127.32916666666667,6.412173984402371,5.618286312784497,166.32263914762612,22666277567.03,0.04217253703653179,0.03120185521882024,-0.5746604617302185,0.052014893776535676,-3.210358983996457
IRL,2010,1,-5.096,-1.676,12.65,-4.667,121.36583333333333,6.247406695400238,5.464623864145308,169.25229220981515,30675754904.013897,-0.046833993258941775,-0.15190895876174892,0.35336536020516895,0.017614277149538893,-9.113616459247709
IRL,2011,1,1.683,-1.636,14.608,-1.287,113.085,6.218008311141454,5.403429351324622,133.426753126152,39084060553.434,-0.0682303503869156,-0.02897045548503574,0.2741026480270867,-0.21166944692986311,-35.73777681736985
IRL,2012,1,1.65,1.213,15.4,-1.681,113.26833333333333,3.28537619532031,5.486020251322228,114.74152254082802,53150237010.004,0.0016211993927872648,-0.9467433242376466,0.3598954729214827,-0.14004110980395001,-39.26789037698538
IRL,2013,0,-0.399,1.892,15.492,-3.355,108.21916666666668,1.2053963905460623,5.4267765422016545,110.63633107940194,66978755179.0164,-0.044577036829946404,-0.8750672647821025,0.2601779210581805,-0.03577773216287361,-29.546922645545294
IRL,2014,0,2.192,0.538,13.775,2.395,109.9175,1.4233711912589393,5.494315800338691,102.40468374629855,66931398888.624596,0.015693461571040235,0.24355573050632073,-0.0007070344957178509,-0.07440275045993416,-23.815377924007038
IRL,2015,0,9.336,0.301,11.892,2.062,108.84666666666668,5.289224572105398,5.586712934401426,78.3674079003117,101252248836.785,-0.009742155101174266,46.74399886680393,0.5127765222010539,-0.23472828552976877,-28.404066572293416
IRL,2016,0,24.616,-0.05,9.925,6.133,100.2475,6.603748057471859,5.71182339298188,51.26579725988742,115619242226.045,-0.0790025724260428,2.7229765097158136,0.14189307945563834,-0.34582757509217665,-31.060045930340863
IRL,2017,0,1.223,-0.183,8.375,-1.243,101.485,7.248467115073189,5.722437384753367,47.38684143779598,121778674089.94801,0.012344447492456112,0.9054516319155146,0.05327341492050963,-0.07566362037495322,-15.47872532123229
ITA,1996,0,2.887,5.387,11.15,2.073,93.79583333333333,10.40250371834262,7.071559781776337,,,,,,,
ITA,1997,0,1.525,3.985,11.15,2.939,103.56416666666667,10.693398401528382,7.181695361317405,,,0.10414464039802751,0.33762370226458627,,,
ITA,1998,0,1.926,1.849,11.242,2.596,103.06083333333333,10.886146380853784,7.127966535318501,,,-0.004860110881337643,0.21257716049382713,,,
ITA,1999,0,1.804,2.031,11.333,1.651,104.57166666666667,10.144353136837955,7.1502158495079255,,,0.014659626595942665,-0.5237408994778312,,,
ITA,2000,0,1.678,1.651,10.942,0.8,103.48833333333334,9.836688408782281,7.1358871678269695,,,-0.010359721403184419,-0.26483824419381463,,,
ITA,2001,0,3.882,2.58,10.1,-0.272,98.62416666666667,10.01785092558339,7.047664167081983,,,-0.04700207752886809,0.19860995772149215,,,
ITA,2002,0,2.006,2.324,9.1,0.154,99.75916666666667,9.947758821862514,7.066508778136711,60.1430295695027,-33653273463.246,0.011508335516142942,-0.06769205307951509,,,
ITA,2003,0,0.27,2.612,8.608,-0.496,101.95416666666667,10.110006485489995,7.155272172413129,61.8212741982326,4511215109.264009,0.022002990535539668,0.1761514951987837,-1.1340498158133376,0.027904224990702886,
ITA,2004,0,0.067,2.813,8.45,-0.785,107.78083333333332,10.168233785555037,7.366782638779633,65.11427154480607,7818297725.40302,0.05714986309207548,0.05995589637506793,0.7330802313877138,0.05326641013600475,
ITA,2005,0,1.474,2.257,8.017,-0.48,109.56916666666666,10.086271452433037,7.502179312184253,67.49386320242094,25970162781.505,0.016592313104525358,-0.07869333921162247,2.3217157613636776,0.03654485569998944,
ITA,2006,0,0.762,2.207,7.758,-0.88,107.83916666666666,10.065943794069053,7.531559348156869,70.59362215224861,26663160549.552002,-0.015789113421507017,-0.020122444375598514,0.02668438291578701,0.04592653024662674,
ITA,2007,0,1.799,2.229,6.867,-1.469,107.32666666666667,10.102880477451631,7.580019418809442,75.42323235573969,28243639426.473,-0.0047524477037562685,0.037627319706163176,0.05927575142428321,0.06841425692926051,1.1297345615485597
ITA,2008,1,1.462,2.025,6.2,-1.362,107.78916666666667,10.215346202015805,7.70651619313754,81.4531164394226,6048953427.5,0.0043092738679422204,0.11903390088079302,-0.7858295336460688,0.07994730397183836,2.1566510800403194
ITA,2009,1,-1.023,3.492,6.792,-2.723,108.46416666666666,10.471809304776727,7.790382499812209,83.38226708850686,26554735631.447002,0.006262224867990662,0.2923510807331626,3.3899719099708676,0.023684184637907446,0.3126069295143594
ITA,2010,0,-5.305,0.765,7.875,-1.822,109.38583333333334,10.449325952339253,7.699427919334763,87.18616699328607,89761486039.283,0.008497430026813912,-0.02223248549631973,2.3802440093956148,0.04562001055621945,0.3126758740903455
ITA,2011,0,1.529,1.62,8.508,-3.223,104.92916666666667,10.48228602774546,7.671681002435119,92.66762949314646,85266094429.95201,-0.04074263120605193,0.033509275979576314,-0.05008151945438655,0.06287078201617136,1.3146652376753707
ITA,2012,0,0.695,2.935,8.575,-2.742,104.87166666666667,10.438742378593288,7.743515984462274,93.57188187349755,-19098711998.765,-0.0005479887225510183,-0.042609236116220583,-1.2239895251031465,0.00975801782453023,-0.9946143747227438
ITA,2013,0,-3.125,3.315,10.892,-0.201,102.99916666666667,10.45784175112712,7.649339704299927,93.2686875516145,-57061158512.6904,-0.01785515630214707,0.019282932312592482,1.9876966842779873,-0.0032402289642196047,-3.1384175577798317
ITA,2014,0,-1.818,1.245,12.367,1.03,104.4975,10.477737480054982,7.674737787388866,90.36566420193866,-83696870651.03131,0.014547043260867865,0.02009496808508926,0.46679234758994825,-0.031125380080740728,-5.914145748586677
ITA,2015,0,-0.001,0.234,12.783,1.754,104.50416666666666,10.413723699594858,7.684238967464098,88.187471051349,-32389308801.2087,6.37973795225566e-05,-0.062007926520698864,-0.6130164897531973,-0.024104212256129576,-6.766753339470299
ITA,2016,0,0.886,0.108,12.017,1.243,99.46166666666666,10.447003705485981,7.520567834264748,86.91585295708589,-56466572984.4401,-0.048251664606674405,0.03383998000173505,0.7433707317129563,-0.014419487021264943,-6.202817707984551
ITA,2017,0,1.236,-0.05,11.717,2.461,100.04333333333334,10.436561909440558,7.542526245661049,84.49173470122152,-124188068463.414,0.005848149203210751,-0.010387469745564704,1.1993200915103381,-0.02789040403321197,-6.086614455039708
LTU,1996,1,,,,-9.113,47.439166666666665,6.605135526166131,1.908356616811869,,,,,,,
LTU,1997,0,5.239,23.092,,-8.562,55.95166666666666,6.635999047747234,2.1329823086078656,,,0.1794403358687442,0.03134473798181037,,,
LTU,1998,0,8.35,8.735,,-9.661,65.29833333333333,6.906964966767693,2.318360012109408,,,0.16704894105031132,0.3112303816072648,,,
LTU,1999,0,7.673,5.369,,-11.505,70.08916666666666,7.239157542123461,2.42338579313975,,,0.07336838612522012,0.3940212768086788,,,
LTU,2000,0,-1.087,1.443,14.6,-10.839,75.64166666666667,7.082221059810508,2.399439534357928,,,0.07922051672274621,-0.14524165063320227,,,
LTU,2001,0,3.361,1.094,16.375,-5.847,81.85000000000001,7.17794270869118,2.445905912438268,,,0.08207557563071521,0.10045270911549564,,,
LTU,2002,0,6.635,1.549,17.362,-4.679,82.05499999999999,7.377302554114173,2.506341930508065,,,0.002504581551618701,0.22062112180490145,,,
LTU,2003,0,6.531,0.336,13.737,-5.138,84.11916666666667,7.738862779970613,2.659070018880491,,,0.025155891373672246,0.43556747766168313,,,
LTU,2004,0,10.532,-1.077,12.441,-6.8,85.30833333333334,8.123228697000089,2.933910059910648,,,0.014136691003833857,0.46868275940170556,,,
LTU,2005,0,6.318,1.154,10.884,-7.593,85.12666666666667,8.16407477268026,3.122805356117467,,,-0.0021295301357819874,0.041691751510280595,,,
LTU,2006,0,8.185,2.672,8.324,-7.387,83.73583333333333,8.221516580967638,3.2626247317982155,,,-0.01633839768188583,0.059123636643160005,,,
LTU,2007,0,7.301,3.757,5.778,-10.642,84.06833333333334,8.640164522339512,3.405786833995963,,,0.003970820934884545,0.5199051648593871,,,
LTU,2008,0,11.1,5.818,4.248,-15.329,86.32583333333334,8.9301581055402,3.6829871284090987,,,0.0268531551713882,0.3364189124659991,,,
LTU,2009,0,2.18,11.092,5.827,-13.234,91.38,8.745173029021897,3.871284340769195,,,0.05854755722022165,-0.1688833130857571,,,
LTU,2010,0,-14.503,4.161,13.787,2.031,97.79916666666666,8.733031725946795,3.626764660042137,,,0.0702469541110382,-0.01206789484578763,,,
LTU,2011,0,0.274,1.191,17.814,0.22,93.68666666666667,8.7199723896959,3.6025860011733357,59.41055618763744,171121827.414379,-0.04205046055266315,-0.012974433113976724,,,
LTU,2012,0,6.343,4.124,15.39,-3.703,94.3975,8.949561150663827,3.7658636431302988,49.89951052320548,1327123601.15978,0.007587347897246133,0.2580825308907073,6.755431444441579,-0.16009016368055962,
LTU,2013,0,4.376,3.164,13.366,-1.579,93.34166666666665,8.988082678174319,3.755041656367605,46.756313117600676,2619119575.48924,-0.011184971353408124,0.03927310107975712,0.9735310058538469,-0.06299054585200947,
LTU,2014,0,4.079,1.164,11.77,1.693,93.89833333333333,8.94060037353484,3.8355954219781614,43.22127754273976,2530113824.37476,0.005963753236318148,-0.04637265223695508,-0.03398308040130393,-0.07560552445548163,
LTU,2015,0,3.769,0.242,10.699,3.596,94.60000000000001,9.024608205660119,3.8792518490976016,41.007819554827734,3815120603.68069,0.007472621097286192,0.08763741228793909,0.5078849682280517,-0.05121222957195637,
LTU,2016,0,2.845,-0.677,9.119,-2.506,92.675,7.17672643900015,3.726849385365565,41.452200938262024,4385125720.01529,-0.020348837209302473,-0.8424294156744885,0.1494068407128939,0.010836503580497592,2.9914690431829243
LTU,2017,0,2.614,0.678,7.861,-1.008,94.46416666666666,7.696649271281536,3.7600832131202684,42.76584840209975,3340119905.82269,0.019305817822138138,0.6818978564705007,-0.2383069222902363,0.03169065656596248,3.993645426052673
LUX,1996,0,1.432,1.9,2.961,12.022,101.69083333333333,3.394172766725191,3.023882316970337,,,,,,,
LUX,1997,0,1.515,1.156,3.241,11.566,99.10833333333333,3.3558512798952784,3.018667244836487,,,-0.02539560268460772,-0.03759650889560251,,,
LUX,1998,0,5.937,1.371,3.302,9.978,95.91000000000001,3.1726224403507386,2.9138712470736707,,,-0.032271083830824776,-0.16742239274502968,,,
LUX,1999,0,6.492,0.972,3.057,8.556,96.1125,2.493329411861578,2.958186157480021,,,0.0021113543947448576,-0.4930247172182657,,,
LUX,2000,0,8.421,1.021,2.89,10.771,95.33583333333333,-1.0996127890016931,3.048704158320097,,,-0.008080808080808133,-0.9724827500723051,,,
LUX,2001,0,8.442,3.782,2.4,12.654,93.76583333333333,-1.9173226922034008,3.055886196373738,,,-0.01646809961277229,-0.5585585585585586,,,
LUX,2002,0,3.074,2.404,2.217,8.275,94.20583333333333,-2.047942874620465,3.062830017086485,78.45482052018123,143014523444.104,0.004692540815328883,-0.12244897959183665,,,
LUX,2003,0,3.225,2.056,2.5,7.609,95.02499999999999,-1.731605546408308,3.162644040398149,67.49380801995666,159449525562.233,0.008695498332551788,0.37209302325581395,0.11491841333549924,-0.13971114110706595,
LUX,2004,0,2.62,2.528,3.292,7.145,97.41166666666668,4.487370546443864,3.389799336709786,69.05403521149557,174118294288.844,0.025116197491888315,501.1887740112994,0.09199631466376346,0.02311659746739414,
LUX,2005,0,4.231,3.244,3.692,7.074,98.29583333333333,4.968875429357632,3.556747082403121,65.99646881289047,199898101609.83902,0.009076599312197287,0.6185082358061205,0.14805915384301338,-0.04427788165080471,
LUX,2006,0,2.483,3.761,4.083,6.938,98.125,5.11604634847698,3.6294744008213966,71.27244799756521,241059546744.886,-0.0017379509134839433,0.15855196478977063,0.20591213625122795,0.07994335575184941,
LUX,2007,0,6.016,2.962,4.233,6.642,98.69999999999999,5.0500246468752295,3.759151507099268,74.72411521330842,258943746791.493,0.0058598726114649224,-0.06388945102714516,0.07418996794818478,0.048429194067546755,4.178651437555246
LUX,2008,1,8.099,2.655,4.183,6.549,99.56083333333333,4.541235482515937,3.9434053866568144,85.3118398397658,276313591489.769,0.008721715636609284,-0.3987768793609232,0.06707960672347313,0.14169086641218187,7.793801700967933
LUX,2009,1,-0.302,4.092,4.142,6.129,100.36916666666667,5.554394523896323,4.074787904672882,101.15332688370798,301722028293.208,0.008118989227691609,1.7542881965959225,0.09195507418381843,0.18568919711139675,12.34121039641461
LUX,2010,1,-3.239,0.007,5.483,5.785,100.78333333333335,5.589256790565246,3.9965112018733375,100.97375099879662,253226999277.578,0.004126433250583261,0.03547707927004673,-0.16072750567785332,-0.0017752840212345022,4.868050071809165
LUX,2011,1,3.76,2.795,5.817,5.778,99.75416666666666,5.600559746375813,4.029983803061711,86.11712716980506,251855398759.252,-0.010211675210848536,0.011367075568806895,-0.005416486086550765,-0.14713352412914338,-8.916327752988082
LUX,2012,1,1.045,3.728,5.658,5.64,100.6175,5.204425884915389,4.122040789523428,84.17663004964459,264616613352.44797,0.008654609247734202,-0.3270833876923096,0.05066881494724029,-0.022533231006814924,-8.865999639604269
LUX,2013,0,1.65,2.888,6.099,4.991,99.50999999999999,5.017603426838131,4.091239747268622,83.58294517601014,260635383856.995,-0.01100703157999372,-0.17040898950555405,-0.01504527416103807,-0.0070528467733183,-7.362219638148403
LUX,2014,0,3.171,1.699,6.83,3.935,100.87666666666667,5.219487339946159,4.177520816744043,86.66145807119003,287777074385.961,0.013733963085787115,0.22370594364592078,0.10413662998212891,0.036831830808272015,-3.536084926954004
LUX,2015,0,2.623,0.694,7.092,4.095,100.95916666666666,5.23901401715413,4.231537991398308,86.30596453977367,313368290608.145,0.0008178303538974863,0.01971856974216535,0.08892722353505333,-0.004102094971957793,-3.015907255890369
LUX,2016,0,2.268,0.059,6.648,5.604,98.44416666666666,5.244183290959727,4.09564371795372,91.7840511552667,322778916441.85297,-0.024911061402712376,0.005182657552916581,0.030030561852461224,0.06347286244589134,1.2705692065769654
LUX,2017,0,4.978,0.043,6.263,7.401,98.56083333333333,5.25501127567196,4.130354999745133,96.25308594488607,333218738927.485,0.0011851049241109468,0.010886819501009004,0.032343570022215884,0.048690755456624046,3.26052402153384
LVA,1996,1,-2.084,25.0,6.951,-0.308,65.38083333333333,6.221524127463922,1.6567031049012146,,,,,,,
LVA,1997,0,2.3,17.6,20.711,-4.824,68.2375,6.4797531084152595,1.7576854888943036,,,0.04369272340262831,0.2946352314934353,,,
LVA,1998,0,9.171,8.074,15.167,-5.433,74.51833333333333,6.630907634902959,1.8486122808208378,,,0.09204371985101067,0.16317638575658555,,,
LVA,1999,0,6.55,4.295,13.958,-9.309,78.75666666666667,6.685773552488016,1.9426190249570996,,,0.05687638388763405,0.056398960655261954,,,
LVA,2000,0,2.818,2.114,14.067,-7.426,87.22000000000001,6.7672510611887295,1.991293154903131,,,0.10746180217547718,0.08488881675052751,,,
LVA,2001,0,5.841,2.633,14.342,-4.822,92.54416666666667,6.746212343635318,2.0496264566006506,,,0.061042956508446045,-0.020818947659163034,,,
LVA,2002,0,6.461,2.526,13.475,-7.666,90.27166666666666,7.046290382141208,2.103158068297152,,,-0.024555842705735187,0.3499641526509407,,,
LVA,2003,0,7.665,1.963,12.492,-6.687,87.085,7.123890328019099,2.2252719898913753,,,-0.0353008511345384,0.08069023759566085,,,
LVA,2004,0,8.429,2.94,11.642,-8.138,82.33666666666666,7.26698096700543,2.420279235810689,,,-0.05452527224359349,0.15383437930506672,,,
LVA,2005,0,8.725,6.187,11.742,-12.777,83.005,7.555769101101186,2.6269124496425706,,,0.00811708028015068,0.33480889807431824,,,
LVA,2006,0,11.615,6.89,10.042,-12.288,81.47,7.710613000107579,2.7931263734573295,,,-0.01849286187579058,0.1674757027629279,,,
LVA,2007,0,12.825,6.571,7.033,-21.921,84.10666666666667,8.378650405567655,3.018129570996029,,,0.03236365124176599,0.9504057063232838,,,
LVA,2008,1,10.415,10.081,6.075,-21.809,89.33,8.622113410157601,3.383135238843747,,,0.06210367786937221,0.2756591234353212,,,
LVA,2009,1,-3.389,15.253,7.75,-12.877,97.69416666666666,8.522612480506895,3.535028729295676,,,0.09363222508302549,-0.0947108917345415,,,
LVA,2010,1,-16.04,3.259,17.55,7.872,102.43166666666667,8.771058363781703,3.2487452584704783,,,0.04849317171786116,0.2820314411487974,,,
LVA,2011,1,-3.661,-1.224,19.475,1.733,95.51583333333333,8.863542205973506,3.1573833265558853,96.64417561530595,-1921539628.7656999,-0.06751655575261561,0.09689541799133905,,,
LVA,2012,1,3.036,4.222,16.208,-3.52,96.62833333333333,8.674624199365066,3.289595205080853,82.88844740302743,-625472694.4617001,0.011647283609174774,-0.17214561749944823,-0.6744939916417585,-0.14233375291060968,
LVA,2013,0,7.305,2.285,15.048,-3.871,96.09500000000001,8.847093882654411,3.3008612596094924,67.20423101879682,609782143.16983,-0.005519430118840041,0.18823579666809054,-1.974914090685647,-0.18922077654524572,
LVA,2014,0,2.096,0.011,11.868,-2.892,94.84916666666668,8.910526337309843,3.3726950211894433,60.33377462112853,1023981458.64507,-0.012964601002480203,0.06548751464952596,0.6792578630166308,-0.10223249776858001,
LVA,2015,0,2.095,0.69,10.847,-1.466,95.8175,7.9359709613884775,3.4106525404329107,53.219531554917275,2187245552.2136803,0.010209191786959781,-0.6226399003449599,1.1360206610653272,-0.11791476848391802,
LVA,2016,0,3.783,0.213,9.875,-0.105,95.19,8.023786572059478,3.2713544165133315,49.99102309471555,1697854469.992,-0.0065489080804654876,0.09178678963344411,-0.22374766368886856,-0.06066397741344687,4.9958053141634124
LVA,2017,0,2.552,0.099,9.642,1.78,96.0225,8.040890919301582,3.299902663510574,48.366870118564755,1916151935.2128701,0.008745666561613463,0.01725146417215262,0.12857254204001278,-0.03248889251723441,6.595614666774786
NLD,1996,0,3.132,1.349,7.733,5.685,103.3275,10.343663218319687,6.116724008952587,,,,,,,
NLD,1997,0,3.416,1.446,7.099,4.762,100.56833333333333,10.090759336712122,6.112593091415459,,,-0.02670312033743849,-0.22345748174477453,,,
NLD,1998,0,4.246,1.858,6.101,5.999,95.14166666666667,9.993364818938803,6.035536454934441,,,-0.05395999403390728,-0.09280197022276948,,,
NLD,1999,0,4.654,1.782,4.93,2.967,97.64,9.77203399970657,6.084989042617584,,,0.02625908732591742,-0.1985484991407992,,,
NLD,2000,0,5.038,2.037,4.139,3.499,96.61583333333334,8.746205376562635,6.105290876426804,,,-0.010489212071555287,-0.6415007185055086,,,
NLD,2001,0,4.228,2.347,3.66,1.737,91.415,8.8542186321347,6.035084224461475,,,-0.05383003130956798,0.1140625128245163,,,
NLD,2002,0,2.328,5.113,3.137,2.269,94.05916666666667,8.687824634311795,6.069672495716961,110.22236670732035,39755628992.799,0.028924866451530473,-0.15328743444609605,,,
NLD,2003,0,0.246,3.854,3.665,2.322,97.36916666666667,8.702417298399533,6.163723141706097,108.80306461908009,27302333039.198,0.035190615835777095,0.014699656813131678,-0.3132461054975809,-0.01287671577592786,
NLD,2004,0,0.098,2.225,5.921,5.134,103.51166666666666,8.900481399872985,6.366968605417233,108.37228904197119,64443592966.361,0.06308465205446612,0.21904053361158238,1.3603694553809462,-0.003959222827197517,
NLD,2005,0,2.013,1.383,6.773,7.632,104.84249999999999,8.883168098329147,6.493640368966302,112.3279399066544,64213987428.039,0.012856843834028409,-0.017164287552702606,-0.0035628916351987394,0.036500575005398606,
NLD,2006,0,2.029,1.492,6.961,6.631,103.27916666666665,8.864774917075852,6.534535652021525,115.89088844775655,97104537117.1769,-0.014911255772547705,-0.01822505904041527,0.5122022631906558,0.03171916572193001,
NLD,2007,0,3.539,1.652,6.079,8.14,101.84499999999998,9.14066806615456,6.603446410937906,112.95766064509978,114394881362.064,-0.013886311372897087,0.31770705829165613,0.17805907693090273,-0.025310253825339024,-1.2573991056960665
NLD,2008,1,3.882,1.588,5.295,5.314,102.61666666666667,9.076659299578774,6.749462699987544,112.71759463690738,80763892700.4601,0.007576873353298597,-0.06200322352514409,-0.29399032772419764,-0.0021252742560476934,-1.362512249815552
NLD,2009,1,2.127,2.213,4.77,3.937,102.82333333333332,9.1451536194487,6.864635855725696,110.2186553334183,67800709352.385994,0.0020139678414810014,0.07089454211341173,-0.16050716371674167,-0.0221699133266533,-2.6140511443450123
NLD,2010,0,-3.67,0.971,5.422,3.542,103.835,9.061068337183693,6.777646593635117,116.24109569911754,56952400118.0551,0.009838882225175816,-0.08064715174146775,-0.1600028869601956,0.05464084412462644,1.8208663657390503
NLD,2011,0,1.317,0.931,6.082,6.634,99.24083333333334,9.09400480573032,6.74894827528522,112.99520078628724,101372330620.477,-0.04424487568417823,0.033484878359200554,0.7799483500316935,-0.027923815525896956,-1.2338224113002383
NLD,2012,0,1.777,2.471,6.05,7.26,98.64166666666667,9.122548901701983,6.8167139745499945,113.51693535361844,139432347960.776,-0.006037501364525744,0.028955382621553394,0.3754477884383467,0.00461731616653327,-0.7090277992835468
NLD,2013,0,-0.977,2.818,6.823,7.809,95.92166666666667,9.28760201607486,6.740785281692619,116.01395860426112,146068858573.83298,-0.0275745543634367,0.17945576310091238,0.047596635286697664,0.021996922687034903,0.9147367290008361
NLD,2014,0,-0.032,2.556,8.204,8.269,98.91333333333334,9.366307001967419,6.784416337826499,112.96999400511143,144717435602.49,0.031188643511198544,0.08188510361745882,-0.009251958182858622,-0.02623791684872212,-1.6366349785894414
NLD,2015,0,1.612,0.321,8.338,8.862,99.57083333333333,9.185565339739405,6.804380568086021,115.2058494578023,198507901261.886,0.006647233268180841,-0.1653490472859388,0.3716930543680148,0.019791586893327606,0.22504708222938063
NLD,2016,0,2.121,0.218,7.887,4.879,95.24000000000001,9.086577024850703,6.6539231124279725,110.13523080773768,210408415935.186,-0.04349499937230594,-0.0942467082102656,0.059949828685156525,-0.04401355203688584,-3.263572814050846
NLD,2017,0,2.425,0.113,7.005,7.316,96.1425,8.678914274719366,6.68078441283354,112.6881660707467,207765935092.3,0.009476060478790238,-0.33479681931729055,-0.01255881724664476,0.023180005564846562,-0.36722957814330925
POL,1996,0,6.728,27.875,13.341,0.611,79.54583333333333,9.59268696129137,4.94021282979971,16.44662957841221,49183488566.3648,,,,,
POL,1997,0,6.239,19.9,12.343,-2.073,85.38916666666667,9.782940074327042,5.059330215635014,18.74049745368662,61524314584.1053,0.07345869781572478,0.20955571323308675,0.2509140034076405,0.13947343219095365,
POL,1998,0,7.086,14.9,11.246,-3.636,86.89666666666666,9.918262858118283,5.062512751160894,20.475312093893454,82807974661.8426,0.017654464364136757,0.14490628190448263,0.34593900349173334,0.09257036236599814,
POL,1999,0,4.982,11.8,10.576,-3.991,92.755,10.211321456011252,5.152881105634475,22.252602533586355,96281130574.7183,0.06741723886608608,0.3405213398562399,0.16270360394509265,0.08680162878801534,
POL,2000,0,4.524,7.3,13.133,-7.404,90.13083333333333,10.169962586968497,5.127867066723981,25.088282442635368,110548139437.53899,-0.028291376924873823,-0.040515261213914355,0.14818073674102594,0.12743138267845566,
POL,2001,0,4.26,10.1,16.087,-6.008,98.64666666666666,10.178080586039938,5.148371998655259,26.318406043085453,131724617692.981,0.09448302005418041,0.008151039372431335,0.19155888433026935,0.049031798141733196,-0.24690175072707987
POL,2002,0,1.205,5.5,18.242,-3.107,111.71166666666666,10.133074301797198,5.254381152877209,23.44738358854203,138901081315.107,0.13244238697033173,-0.04400852586825954,0.05448080812694123,-0.10908800669171659,-2.673431267570578
POL,2003,0,1.443,1.9,20.235,-2.776,106.97083333333335,10.238501583635117,5.296786194902806,12.829165398399528,136424204222.262,-0.0424381219508555,0.111185298232227,-0.017831949682422077,-0.45285300809985807,-8.235589934216197
POL,2004,0,3.523,0.735,19.942,-2.504,95.94666666666666,10.364857140489363,5.3870651517745936,13.289229777376732,135870820035.68,-0.10305768706423113,0.13468554178946457,-0.004056349016193894,0.03586081905488547,-4.509998970398435
POL,2005,0,5.091,3.538,19.276,-5.955,95.57833333333333,10.450243867880255,5.546949311296011,26.15958580620245,143529780162.85498,-0.003838938299054906,0.08913818483273395,0.056369425938282536,0.9684802087428652,5.59102032484839
POL,2006,0,3.261,2.21,18.052,-3.305,105.96333333333332,10.608733743981077,5.727362273176657,27.041064419058625,174724706024.965,0.10865433239750977,0.1717400615869047,0.21734113872894478,0.033696199144222616,4.047594230724659
POL,2007,0,6.202,1.197,14.169,-4.652,107.72583333333334,10.738720061275421,5.846143933908483,31.099103295679516,160965524070.382,0.016633112082796053,0.1388128011776648,-0.07874777567298963,0.1500694948147372,4.790685215560455
POL,2008,0,6.76,2.472,9.944,-6.689,111.72666666666667,11.046440438176116,6.063122198247078,37.05716183381956,115743202690.27701,0.03713903350326064,0.36032055870041435,-0.2809441440412518,0.19158296885581838,6.112413792340643
POL,2009,0,4.384,4.342,7.466,-6.752,122.34833333333334,10.984122546973575,6.28341001834572,47.10555253758663,58730502234.353,0.0950683214988961,-0.060415846225225334,-0.49257925416568205,0.27115920935414395,9.08894567465292
POL,2010,0,2.615,3.785,8.514,-3.975,103.21833333333332,11.203591369054926,6.088940561616325,46.91511757402351,70789026812.237,-0.15635684997752342,0.2454150179022927,0.205319623008956,-0.00404272858090704,3.748040007048992
POL,2011,0,3.169,2.59,9.635,-5.152,108.60833333333333,11.365786406125864,6.1698429231063505,48.87212568931433,96200940979.519,0.052219405467375024,0.17608960002429597,0.3589809792792511,0.0417138060498945,1.413859694795491
POL,2012,0,5.255,4.226,9.632,-5.123,106.6075,11.404093839530692,6.2688083634733305,51.48378928791798,142628917221.016,-0.018422466047725017,0.039050622651150446,0.48261457495911,0.05343871505009412,0.22953347636273236
POL,2013,0,1.512,3.727,10.088,-4.09,103.44833333333332,11.516089473910638,6.2108992290613685,50.32510562542457,171825411402.672,-0.029633624901312605,0.11850797765352916,0.20470248775999256,-0.02250579606744918,-2.950002490157466
POL,2014,0,0.684,1.117,10.328,-1.973,104.34083333333332,11.5062723945972,6.2503226722461855,51.66427723584781,144574255500.45502,0.008627495206947167,-0.00976904909098042,-0.15859793775411968,0.0266104083395442,-3.1489507108260995
POL,2015,0,3.92,0.105,8.988,-2.97,104.84083333333332,11.451732595931919,6.295756655956779,52.62354982388197,177223790942.247,0.00479198779640444,-0.05307917807695439,0.2258322917090121,0.018567424908608965,-3.2664778238380237
POL,2016,0,4.432,-0.924,7.499,-1.324,99.55,11.401113499837441,6.17322136113142,53.31488690093305,192973415552.987,-0.050465388008806955,-0.04935929566496533,0.08886856853136837,0.01313740861961632,-3.2513694709355505
POL,2017,0,3.031,-0.677,6.161,-1.072,95.54666666666667,11.60371139495507,6.158848000600202,54.34569872880448,226305371595.85602,-0.04021429767286122,0.2245799596534508,0.1727282276025044,0.019334408976367845,-2.7653569805577547
PRT,1996,0,2.307,3.969,7.917,-0.112,98.5025,9.636588019266876,4.772225809111613,,,,,,,
PRT,1997,0,3.504,2.936,8.015,-4.49,98.5575,9.639456900415627,4.80937553628205,,,0.0005583614629069977,0.002873000326477415,,,
PRT,1998,0,4.401,1.89,7.51,-6.109,97.23416666666667,9.624434806782402,4.763975729393942,,,-0.013427018068978391,-0.014909824858389209,,,
PRT,1999,0,4.808,2.215,5.72,-7.548,97.895,9.620262200801289,4.821281065938121,,,0.006796307882174446,-0.004163912756113719,,,
PRT,2000,0,3.907,2.17,5.169,-8.868,97.98083333333334,8.987903820678552,4.848876859662515,,,0.0008767897577337536,-0.46866277294750114,,,
PRT,2001,0,3.816,2.805,4.717,-10.796,95.89333333333333,9.052422371365676,4.7762454058089645,,,-0.021305187239000878,0.0666453650655574,,,
PRT,2002,0,1.944,4.41,4.801,-10.449,98.18833333333333,9.130017991864623,4.80077808710778,115.00275429920981,-21892577968.3722,0.02393284204671864,0.08068556321097131,,,
PRT,2003,0,0.771,3.701,5.779,-8.383,100.40666666666668,9.273863471497677,4.903050083416319,119.05220961368232,-28637155860.9048,0.022592636599731986,0.15470566919529594,0.3080760019343709,0.035211811570502016,
PRT,2004,0,-0.931,3.237,7.038,-6.634,104.0,8.565763102760368,5.1070660579329195,120.67199616222209,-28437294275.1798,0.035787796295066565,-0.5074209722160832,-0.006979100393061488,0.013605682362350713,
PRT,2005,0,1.789,2.51,7.392,-7.957,104.86916666666667,8.440560690704793,5.243311927511307,121.1907741184097,-33121201995.8103,0.008357371794871948,-0.11768170735048356,0.1647100344816783,0.004299074952652804,
PRT,2006,0,0.782,2.13,8.343,-9.585,104.0625,8.062564109780627,5.285044672754133,124.77302184641393,-38355832226.327995,-0.0076921243136289785,-0.31476715647507825,0.15804469388459563,0.02955874945153969,
PRT,2007,0,1.625,3.046,8.408,-10.26,104.59666666666668,7.5149862826018765,5.341218797540891,133.41295217926998,-50357562594.712,0.005133133133133239,-0.42165102364275076,0.3129049657315437,0.06924517980730771,3.175126869433541
PRT,2008,1,2.507,2.422,8.722,-9.62,105.31083333333333,6.95115886632224,5.482819876666707,142.23567504256428,-53170261975.884,0.006827814780585584,-0.43097301250017506,0.05585455761251179,0.06613093196108144,4.594321713883147
PRT,2009,1,0.319,2.652,8.315,-11.838,105.25833333333333,6.929496809703372,5.573628230184819,151.48117660998238,-49329489946.894,-0.0004985242100765674,-0.021429119269584795,-0.07223534145331145,0.06500128441511865,5.374613450886841
PRT,2010,1,-3.122,-0.903,10.177,-10.356,104.59666666666668,6.698735306218512,5.498814410570013,159.86130193717253,-34692422641.086,-0.00628612144723284,-0.2060712072922004,-0.2967204266974103,0.055321232081306126,5.014556031840158
PRT,2011,1,1.738,1.391,11.506,-10.257,102.3675,7.607250666967056,5.4749519497853765,155.38888834927272,-42091755647.118,-0.021312023965072258,1.480636947198401,0.21328383672084694,-0.027976837006228772,-3.3380043894455866
PRT,2012,1,-1.714,3.554,13.585,-6.103,103.255,5.830791647941356,5.502820255223584,156.06234101984856,-32307092555.631,0.008669743815175712,-0.830763649772787,-0.23246032248020398,0.004333982163911898,-5.110336664056462
PRT,2013,0,-4.051,2.776,16.636,-1.489,102.41916666666667,6.326391501109051,5.378393919802651,152.7286751563068,-30670803517.8139,-0.008094846093005925,0.6414825923265375,-0.0506479818634098,-0.021361116600947194,-8.388770889021089
PRT,2014,0,-0.984,0.44,17.216,1.534,102.15083333333332,7.037276265668125,5.423543742796894,142.93368821465563,-27287942179.5814,-0.002619952320122465,1.035791658373355,-0.1102958172017795,-0.06413325416217153,-13.944193465169377
PRT,2015,0,0.741,-0.16,14.546,0.343,101.44833333333334,8.122776587779486,5.438679128995163,129.6511737145208,-13197186380.5936,-0.006877085355805446,1.9609208623865948,-0.5163729718517,-0.09292780915432164,-18.63210597312954
PRT,2016,0,1.59,0.508,12.862,0.505,99.49416666666667,8.513134257276883,5.2936012631943274,120.04851323138222,-18583334420.8938,-0.019262678867732363,0.47750915934532934,0.4081285120152962,-0.07406535712729223,-17.816680526887822
PRT,2017,0,2.004,0.636,11.268,1.421,100.60916666666667,9.164619620929948,5.329084176718188,111.32856859589077,-26571842978.2973,0.01120668715921358,0.9183882179177478,0.42987487479221054,-0.07263683989725533,-15.321254880431653
ROU,1996,0,7.138,32.272,9.882,-4.42,61.11083333333334,7.3283716908576455,3.579008782978224,,97288313.5210031,,,,,
ROU,1997,0,3.948,38.809,7.323,-6.584,55.43,7.649073384403375,3.574926574037905,10.990981497580723,17364192.7670877,-0.092959513452334,0.37809442510998736,-0.821518205644103,,
ROU,1998,1,-6.053,154.763,7.85,-5.35,64.61749999999999,8.215952954365605,3.5735808297504734,8.292438068870318,1372879999.41323,0.16574959408262657,0.7627578977462239,78.06385386456911,-0.24552342566534158,
ROU,1999,1,-4.818,59.097,9.611,-6.798,85.60583333333334,7.960742389623971,3.7505153291473188,11.66792316193657,1462638298.8136199,0.32480881082266166,-0.22524665495337215,0.06537956663273747,0.40705580976694544,
ROU,2000,0,-1.15,45.804,7.175,-4.022,73.82333333333334,7.3239624836222035,3.582212529920411,7.987189440993789,4137369287.6272597,-0.1376366485928724,-0.47100690810131873,1.8287029616161266,-0.31545748715162747,
ROU,2001,0,2.921,45.667,7.592,-2.596,82.74083333333333,7.811446975279777,3.622926599945428,7.125224580237434,9298166762.894539,0.1207951415541606,0.6282152750296792,1.2473620594372772,-0.10791841950465952,
ROU,2002,0,5.218,34.454,7.392,-3.182,84.075,8.272749391931324,3.6987307701643104,8.653376567619093,13100874534.5961,0.01612464623472909,0.5861384534370317,0.4089739266536634,0.2144707117892326,0.8758676581147116
ROU,2003,0,5.703,22.498,8.317,-2.675,84.66416666666667,8.719807451477955,3.8294019767398093,10.089858509307389,17892899110.2062,0.007007632074536696,0.5637050846591924,0.3657789839110033,0.16600247665906576,1.4835995298380702
ROU,2004,0,2.341,15.37,7.75,-4.677,82.52,8.992147048044012,4.056815750329687,14.132268119234503,17814610224.426697,-0.02532555095130773,0.3130328270455658,-0.004375416487697459,0.40064086193063986,3.2053073080891252
ROU,2005,0,10.428,11.855,7.983,-7.58,84.53916666666667,9.589858414329848,4.318274470942934,15.78192827364447,27557049505.3708,0.024468815640652952,0.8179534062216252,0.5468791715457042,0.11673003515725289,2.625028686160702
ROU,2006,0,4.668,8.995,7.125,-8.751,99.39583333333333,9.897042829852106,4.590533591735076,20.058254860614113,33623851885.6613,0.17573708438889257,0.35959167476292797,0.22015427954680322,0.2709635041309262,3.7088880681121665
ROU,2007,0,8.029,6.591,7.175,-10.503,106.25916666666666,10.24230945510042,4.8049550346583505,26.005425621115023,38795979749.9136,0.06905051351917835,0.4123664420235593,0.1538231812892894,0.2964949245000683,5.175729826237433
ROU,2008,0,7.234,4.834,6.342,-13.56,114.86833333333334,10.523893004130016,5.163819793035332,33.99995466900764,25080904174.3438,0.08102046097983728,0.3252267131021924,-0.3535179589220283,0.3074177352206644,7.023548830772498
ROU,2009,0,9.307,7.846,5.6,-11.455,108.53916666666667,10.511809392260098,5.373271766095288,35.91491713894375,8604436911.66968,-0.05509931660887102,-0.0120108982079139,-0.6569327464489305,0.05632250067914568,3.8211479586351587
ROU,2010,0,-5.517,5.584,8.425,-4.644,100.59666666666668,10.580106135311281,5.162337263993292,37.0085626096682,-15137097765.3971,-0.0731763495512372,0.07068297907723342,-2.75922003040868,0.03045100915849197,0.9679520901430507
ROU,2011,0,-3.906,6.113,9.025,-5.13,101.79333333333334,10.652616045535025,5.137731860898873,38.28600737111375,-34399217422.228004,0.011895689055303249,0.07520346154422919,1.2725107517547696,0.034517545977638786,-0.8095126652068245
ROU,2012,0,4.496,5.795,9.092,-4.718,104.28833333333334,10.65369961478425,5.261891942930184,37.43260739499519,-43647284881.002106,0.024510446001702935,0.0010841565224810612,0.2688452863697477,-0.022290127247962643,-3.238451901576468
ROU,2013,0,1.904,3.339,8.692,-4.641,98.06583333333333,10.62161390950116,5.188658738335071,35.96056979479075,-24760305890.6664,-0.05966630975021181,-0.03157642049466125,-0.4327183017644344,-0.03932500839899422,-4.924517924299195
ROU,2014,0,0.279,4.002,8.992,-1.121,102.70083333333334,10.709354474105554,5.2461763445198715,34.16965053037044,29332502288.1955,0.04726416777844822,0.09170485840365528,-2.1846583163276923,-0.049802304986828694,-5.809958878421412
ROU,2015,0,4.116,1.076,8.592,-0.322,103.46,10.575036700496756,5.298262365035481,31.08576027044199,81681244123.3858,0.007392020512654085,-0.1256878128843103,1.7846667604712811,-0.09025232076012735,-6.735078541056286
ROU,2016,0,3.157,-0.596,8.392,-0.65,99.5,10.467517811419052,5.181097922044319,29.903814568016834,102176738405.835,-0.03827566209162958,-0.10194044122619894,0.2509204469448234,-0.03802209410811852,-5.573267045205881
ROU,2017,0,2.86,-1.555,7.2,-2.085,97.7725,10.457510647272636,5.22217578955943,28.558624305056142,129188896428.959,-0.017361809045226217,-0.0099572590873932,0.2643670021628075,-0.044983901966788586,-4.490686259084583
SVK,1996,0,7.872,9.901,13.7,2.651,49.125,8.103464029889611,3.0104730918754896,,,,,,,
SVK,1997,0,6.941,5.782,12.6,-9.573,49.4175,8.132324513106724,3.085161558380415,,,0.005954198473282268,0.029280982485858642,,,
SVK,1998,1,4.445,6.033,11.882,-8.757,52.22833333333333,8.07212409671491,3.0927228588676194,,,0.05687931063557117,-0.0584241925529726,,,
SVK,1999,1,3.826,6.691,12.725,-9.535,52.83083333333334,7.961056344940244,3.1318789932273323,,,0.011535884098669458,-0.10512188270545275,,,
SVK,2000,1,-0.473,10.461,16.492,-4.461,51.73499999999999,8.122638349315633,3.0392705755684744,,,-0.020742306418285006,0.17536883959401495,,,
SVK,2001,1,0.789,12.161,18.9,-3.085,57.044999999999995,8.299484842591967,3.030664960094014,,,0.10263844592635563,0.19344787679159614,,,
SVK,2002,1,2.925,7.144,19.458,-7.993,57.958333333333336,8.328523527962105,3.062642978836618,,,0.016010751745697993,0.02946441891690288,,,
SVK,2003,0,4.417,3.489,18.825,-7.615,59.284166666666664,9.083358910215393,3.212817510284237,,,0.022875629043853207,1.1272613095669395,,,
SVK,2004,0,4.857,8.417,17.7,-4.925,67.1425,9.365359246242129,3.5223525032186225,,,0.13255366103934452,0.32577916548396235,,,
SVK,2005,0,5.39,7.451,18.358,-5.872,73.79166666666667,9.57610091656102,3.761734856415185,,,0.09903066860284726,0.23459338174842426,,,
SVK,2006,0,6.485,2.779,16.358,-7.317,75.36749999999999,9.609076222666378,3.890022765148479,,,0.02135516657255776,0.033525017168304805,,,
SVK,2007,0,8.926,4.266,13.442,-7.027,79.44166666666666,9.445032975507258,4.051437061210824,33.76175219249443,8420074629.725401,0.05405734125009687,-0.15129468300736937,,,
SVK,2008,0,10.819,1.9,11.217,-4.798,87.82666666666667,9.799559343969927,4.347176357238135,37.366289646942924,8621892894.251099,0.10554914507500279,0.4255053300857241,0.023968702582898516,0.10676393316013444,
SVK,2009,0,5.363,3.95,9.592,-6.361,95.61833333333334,9.787228979296218,4.575967920179878,40.69768875066742,5669256653.176399,0.08871641111279804,-0.012254657213549347,-0.34245800513753266,0.08915520206050331,
SVK,2010,0,-5.505,0.937,12.1,-3.445,102.53833333333334,3.920407774795545,4.4913966017282245,44.91945463050343,2175185341.6115,0.07237105854874426,-0.9971681390516094,-0.6163191270600219,0.10373478223052102,
SVK,2011,0,6.791,0.698,14.425,-4.632,98.05416666666667,3.953391429828398,4.512912343060295,44.34350877377798,3783090699.0102,-0.043731612567657674,0.033533646029756614,0.7392038400771281,-0.012821746422859381,
SVK,2012,0,2.562,4.073,13.6,-4.882,98.8825,4.2649940564163895,4.602045308640567,46.00616340748724,4356832269.0801,0.00844771172396186,0.36561192732525205,0.1516594804930298,0.03749488210758045,-1.3084571796749742
SVK,2013,0,1.569,3.732,13.9,0.928,98.39166666666667,2.8421265035697276,4.551600618645334,46.158856071376356,9576717990.591768,-0.004963803841259384,-0.7589781179792502,1.1980919620331845,0.003318961038691226,-1.8696378237497626
SVK,2014,0,0.703,1.458,14.158,2.935,99.44666666666666,3.9951969288020432,4.596492644794403,47.685056715079234,12066781555.671799,0.010722452782247816,2.1679048070856908,0.2600122053845886,0.033064091565503384,-1.310607578944058
SVK,2015,0,2.708,-0.094,13.1,1.739,99.50166666666667,6.480187358479206,4.6224107103704934,49.500772573446724,10864177944.447199,0.0005530602668097906,11.00100540078555,-0.09966233379432776,0.03807725068288148,-0.7349784331683864
SVK,2016,0,5.177,-0.331,11.475,-2.063,95.96583333333332,7.083037240867915,4.4907465013881245,52.33328274213942,6750979165.10734,-0.03553541816719996,0.8273190311733243,-0.3786019338391047,0.05722153456271739,0.27975352728078207
SVK,2017,0,1.948,-0.472,9.667,-1.454,96.06416666666667,7.1427641580550985,4.503381063086057,56.67163508353361,5292067939.7952,0.0010246702385399153,0.061546616823691114,-0.2161036480237668,0.08289853252222779,1.8279794817879278
SVN,1996,0,4.1,13.572,7.0,-0.453,99.39333333333333,7.496423777177185,3.0633441919640108,,,,,,,
SVN,1997,0,2.914,9.919,6.892,0.068,94.5225,7.73136477235554,3.067122269640664,,,-0.049005634180696256,0.2648341352184851,,,
SVN,1998,0,5.172,8.342,6.933,0.109,95.27833333333332,8.100834968173436,3.033461490363998,,,0.007996332442892662,0.44696780195812535,,,
SVN,1999,0,3.064,7.948,7.383,-0.664,99.72500000000001,8.181124473370453,3.0946722214088944,,,0.04667028180593724,0.08360073031220239,,,
SVN,2000,0,5.268,6.121,7.425,-3.245,99.56833333333333,8.02577469190881,3.1209542383073727,,,-0.001570986880588432,-0.1438843282851041,,,
SVN,2001,0,3.498,8.935,6.75,-2.784,97.35416666666667,8.04237800517328,3.0087472106314856,,,-0.022237659229005113,0.016741914286368065,,,
SVN,2002,0,2.829,8.38,6.75,0.04,97.70583333333333,8.353338782327139,3.029795478829692,,,0.0036122405307081884,0.36473569131832817,,,
SVN,2003,0,3.283,7.481,6.35,0.885,99.5625,8.832378795292538,3.146864115557907,,,0.01900261840388251,0.6145237361485727,,,
SVN,2004,0,3.195,5.544,6.725,-0.817,101.76833333333333,9.02918837897578,3.380960660160718,,,0.02215526260723988,0.21751218444623155,,,
SVN,2005,0,4.546,3.593,6.325,-2.712,101.44666666666667,9.066731574764436,3.5319332036512097,44.9510356724133,3935884022.81031,-0.0031607736525768315,0.03825684443643351,,,
SVN,2006,0,3.854,2.452,6.55,-1.813,100.54666666666667,8.988835983632518,3.583574492468513,52.664495379048645,2057860523.87334,-0.008871656699743768,-0.07493899392587766,-0.4771541763052304,0.1715969296647184,
SVN,2007,0,5.909,2.458,6.0,-1.846,100.30166666666666,8.85181806132442,3.671046385962144,60.34762085533405,-426272514.119299,-0.0024366794854794316,-0.12804540144689258,-1.2071435401836474,0.14588814382415904,
SVN,2008,1,7.139,3.657,4.875,-4.154,101.3725,6.848051250164905,3.868823186121927,71.3390529196501,-4088779142.9315996,0.010676127016832515,-0.8651735402958436,8.591937100094826,0.18213530058897986,
SVN,2009,1,3.372,5.647,4.425,-5.345,103.18583333333333,6.69692603193483,4.016437073345575,76.77499481082826,-6512791166.4704,0.017887822963163824,-0.14025996320699952,0.5928449394801052,0.07619868317148426,
SVN,2010,1,-7.59,0.839,5.9,-1.032,104.695,6.37935412310142,3.9104417559118154,84.05793088981633,-3354446513.4639997,0.014625715739402079,-0.27208566457839534,-0.48494486807229553,0.0948607824322627,-0.8646273844907313
SVN,2011,1,1.112,1.801,7.25,-0.697,102.41833333333334,6.229127441994012,3.8676948715786033,85.79526355852848,-2615506256.8833,-0.021745705780282343,-0.13948710770041484,-0.2202867905673137,0.020668277821273673,-3.6921182269191775
SVN,2012,1,0.655,1.803,8.225,-0.772,101.40249999999999,5.794711647606511,3.935544200469492,82.46151475442764,-1155963630.1178,-0.009918471627801129,-0.3523570867946888,-0.5580344619418827,-0.03885702620199527,-7.92123140319805
SVN,2013,0,-2.916,2.597,8.9,1.41,100.25999999999999,5.602589079294568,3.832893214252841,79.97747955964752,-1571420095.17448,-0.011266980597125276,-0.1747942817789876,0.35940271322752815,-0.030123569791042915,-9.455980409397085
SVN,2014,0,-0.824,1.769,10.1,3.527,101.27416666666666,5.675045974897946,3.86844722271127,66.0950404435005,3656328602.78305,0.010115366713212337,0.07514646155183002,-3.326767115942396,-0.17357935249501644,-16.74596064811027
SVN,2015,0,2.763,0.199,9.75,5.327,101.30083333333334,6.034644718941191,3.9025179754138413,55.032399911620146,9685873044.60597,0.0002633116375516664,0.43275439796688686,1.64907072007518,-0.1673747448772187,-18.416413585648982
SVN,2016,0,2.393,-0.526,9.0,4.116,98.12666666666667,5.85317093566964,3.754526735349791,50.34383247980829,8854556329.22726,-0.03133406273393613,-0.16595988918004145,-0.08582775259909758,-0.08519649223623738,-14.158704614771274
SVN,2017,0,3.035,-0.055,8.025,5.284,98.54916666666666,5.4996143311354615,3.7905105240262547,47.142321069158385,9275616318.43001,0.0043056593518582265,-0.29781375546216127,0.0475529177913645,-0.06359292197180177,-9.469485984880471
SWE,1996,0,4.094,2.465,10.417,3.123,135.72583333333333,10.040593797754127,5.587450885142054,31.32474273616487,8968771746.60229,,,,,
SWE,1997,0,1.705,1.02,10.883,3.259,145.39416666666668,9.807637226879294,5.676596255611884,31.83213522837205,68584544621.4244,0.07123428971394552,-0.2078120231919438,6.647038698181479,0.016197818334239278,
SWE,1998,0,3.065,1.818,10.875,3.794,136.035,9.175438319966918,5.591926837214608,34.71877519153501,-16523257833.512798,-0.0643709915001176,-0.46857803213735416,-1.2409180949544611,0.09068320244474504,
SWE,1999,0,4.246,1.008,8.817,3.501,132.44916666666666,9.427023097028156,5.601716525947805,35.832938245027805,-155417601262.671,-0.02635963783830142,0.2860619239929585,8.40599020051905,0.03209108176616926,
SWE,2000,0,4.201,0.57,7.55,3.816,129.56333333333333,9.512073267650623,5.614291662770359,37.43218702791229,-36017795666.7334,-0.021788233221550324,0.08877168968154914,-0.7682515019269935,0.044630690677631035,
SWE,2001,0,4.631,1.295,6.342,3.815,126.06583333333333,9.529303064460995,5.5717889465307024,39.79993980342705,-131826925862.023,-0.02699452005454217,0.017379085934033478,2.6600498009871387,0.06325445995846257,0.33135071758734824
SWE,2002,0,1.361,2.681,5.967,4.599,115.92916666666667,9.452501929126154,5.490993462920847,89.54743452224145,-262741601319.066,-0.08040772347781244,-0.07392600130842475,0.9930799387225733,1.2499389437400805,25.24096027118614
SWE,2003,0,2.278,1.936,6.083,4.352,119.22416666666668,9.64988479373721,5.588644687243691,89.62876714610704,-221611060661.271,0.028422528124213864,0.2182103610675039,-0.1565436933142812,0.0009082630261774138,9.954783504224608
SWE,2004,0,1.881,2.318,6.692,5.801,126.60416666666667,9.798960023182193,5.811362525322826,89.9115276836911,-142061328917.04898,0.061900202000433335,0.1607603092783505,-0.358961017138998,0.0031547966862373045,0.49118072288884207
SWE,2005,0,4.18,1.019,7.517,5.934,126.97583333333334,9.9349862195955,5.952068618605388,91.63502579276755,-164840323950.6,0.0029356590422906503,0.14571190674437973,0.1603462054536453,0.01916882243553597,-4.423105389300119
SWE,2006,0,2.793,0.835,7.908,5.951,121.24916666666667,9.970304725573445,5.970473263639881,99.2700350890139,-57013762701.909904,-0.04510044562285476,0.035949612403100684,-0.6541273316170138,0.08331977025371184,-3.5105626153100644
SWE,2007,0,4.676,1.5,7.167,8.08,120.15666666666665,10.088887698939681,6.046255716790673,102.7244595748066,-15622912421.79,-0.00901037120530046,0.12590028996352065,-0.7259799795450679,0.03479825994516039,-5.320666320632043
SWE,2008,1,3.225,1.679,6.242,8.07,121.66000000000001,10.180437238408865,6.194511507923063,111.25228893145962,161685517379.5,0.012511443393347754,0.0958710642186591,-11.349255824668754,0.08301654145420767,-2.8582050227298765
SWE,2009,1,-0.923,3.347,6.275,7.754,118.795,10.131698244183356,6.243422934669264,118.41722847524068,17585679736.049797,-0.02354923557455213,-0.0475703130922599,-0.8912352817922857,0.06440262589289492,-1.9396781131717376
SWE,2010,0,-4.256,1.938,8.417,5.926,107.22500000000001,10.559529780142832,6.073765472318667,124.56332248840675,442516670733.48004,-0.09739467149290792,0.5339276475504438,24.163466944433324,0.05190202551017431,-1.851841004469577
SWE,2011,0,5.751,1.9,8.7,5.876,113.53583333333334,10.543207584713212,6.200008034294357,123.28009969832586,607040993087.37,0.05885598818683446,-0.016189710193809548,0.37179237130476395,-0.010301770733518567,-6.388175653915781
SWE,2012,0,3.164,1.36,7.875,5.466,120.06916666666666,10.568929462003851,6.34658503350336,124.76745814975476,772899541609.86,0.057544240805031954,0.026055539439331143,0.2732246263616309,0.012064870608221145,-7.005192129184138
SWE,2013,0,-0.414,0.937,8.067,5.496,119.40249999999999,10.603957853475855,6.309449077259866,128.74148038861642,924810827727.064,-0.0055523552396882225,0.03564911198498977,0.19654725865251566,0.03185143223877951,-5.252194976464523
SWE,2014,0,1.138,0.442,8.108,4.334,120.73916666666666,10.921883507347436,6.370120136894412,131.02300776667187,1158590260658.09,0.011194628811513008,0.3742740854717823,0.25278621954026326,0.017721773675185792,-4.793455241009013
SWE,2015,0,2.296,0.209,8.042,3.287,114.575,10.883804174174841,6.3591066315064095,130.31789257722522,1213446219945.6702,-0.05105357968623814,-0.03736343115124152,0.047347160726537885,-0.005381613515561545,-6.023056861277155
SWE,2016,0,4.41,0.703,7.517,2.599,106.5025,10.81637249127545,6.217998345036178,127.51740985918956,1344142899739.4702,-0.07045603316604854,-0.06520841931489885,0.10770702289521461,-0.02148962558135392,-7.663256249665508
SWE,2017,0,2.35,1.14,7.058,1.876,107.255,10.850734168530728,6.242647300053405,129.17236633300712,1359626194382.73,0.007065561841271384,0.03495886012442306,0.011519083756839299,0.012978278618151373,-5.254609654095276
