spec,model,variant,dataset,test_year,auroc_old,auroc_new,auroc_delta,auprc_old,auprc_new,auprc_delta,changed,changed_other
11a,decision_tree,baseline_t1,integrated,2010,0.636577662934252,0.5268703898840885,-0.10970727305016348,0.3918953547958319,0.2750693584666724,-0.11682599632915946,True,brier best_threshold tp fp fn tn f1 recall precision miss_rate false_alarm_rate accuracy loss_07 loss_08 loss_09
11a,decision_tree,baseline_t1,integrated,2011,0.6481193031037268,0.642118037812979,-0.006001265290747737,0.4643378506455941,0.4511693895630227,-0.013168461082571359,True,brier best_threshold tp fp fn tn f1 recall precision miss_rate false_alarm_rate accuracy loss_07 loss_08 loss_09
11a,decision_tree,baseline_t1,integrated,2012,0.3061197916666667,0.8244134897360702,0.5182936980694035,0.2266441875401413,0.5253099173553718,0.29866572981523054,True,brier best_threshold tp fp fn tn f1 recall precision miss_rate false_alarm_rate accuracy loss_07 loss_08 loss_09
11a,decision_tree,baseline_t1,macro,2010,0.6454493252942864,0.7652792413066386,0.11982991601235216,0.4046719233853737,0.5515986020836603,0.14692667869828657,True,brier best_threshold tp fp fn tn f1 recall precision miss_rate false_alarm_rate accuracy loss_07 loss_08 loss_09
11a,decision_tree,baseline_t1,macro,2011,0.6890792661820699,0.5438809402146142,-0.14519832596745574,0.5135534602344061,0.2937227821326366,-0.21983067810176948,True,brier best_threshold tp fp fn tn f1 recall precision miss_rate false_alarm_rate accuracy loss_07 loss_08 loss_09
11a,decision_tree,baseline_t1,macro,2012,0.2841579861111111,0.2512371700879765,-0.03292081602313457,0.2223339352588745,0.2168441140489453,-0.005489821209929191,True,brier tp fp f1 precision accuracy
11a,decision_tree,baseline_t1,micro,2010,0.4506459948320413,0.5121838777660696,0.06153788293402823,0.2456396498957939,0.270304673440548,0.024665023544754083,True,brier best_threshold tp fp fn tn f1 recall precision miss_rate false_alarm_rate accuracy loss_07 loss_08 loss_09
11a,decision_tree,baseline_t1,micro,2011,0.6637244721356871,0.7290495656617271,0.06532509352603999,0.376332538484786,0.4646256426549532,0.08829310417016722,True,brier best_threshold tp fp fn tn f1 recall precision miss_rate false_alarm_rate accuracy loss_07 loss_08 loss_09
11a,decision_tree,baseline_t1,micro,2012,0.7261284722222222,0.7137325879765397,-0.012395884245682498,0.5062897398653967,0.5016202872841358,-0.004669452581260947,True,brier best_threshold tp fp fn tn f1 recall precision miss_rate false_alarm_rate accuracy loss_07 loss_08 loss_09
11a,decision_tree,rt1,integrated,2011,0.5254701742240683,0.5176290240163516,-0.007841150207716696,0.2919774486864882,0.279805897723031,-0.012171550963457178,True,brier best_threshold tp fp fn tn f1 recall precision miss_rate false_alarm_rate accuracy loss_07 loss_08 loss_09
11a,decision_tree,rt1,integrated,2012,0.7625651041666667,0.7573084677419354,-0.005256636424731287,0.5621075051836549,0.5557632665841621,-0.006344238599492846,True,brier best_threshold tp fp fn tn f1 recall precision miss_rate false_alarm_rate accuracy loss_07 loss_08 loss_09
11a,decision_tree,rt1,macro,2011,0.634042921426099,0.5176290240163516,-0.11641389740974739,0.3917996603731067,0.279805897723031,-0.11199376265007571,True,brier best_threshold tp fp fn tn f1 recall precision miss_rate false_alarm_rate accuracy loss_07 loss_08 loss_09
11a,decision_tree,rt1,macro,2012,0.7625651041666667,0.7488773826979471,-0.01368772146871955,0.5621075051836549,0.5418507548789239,-0.020256750304731064,True,brier best_threshold tp fp fn tn f1 recall precision miss_rate false_alarm_rate accuracy loss_07 loss_08 loss_09
11a,decision_tree,rt1,micro,2011,0.7198569285796699,0.6971768012263669,-0.022680127353302937,0.4587264575534176,0.4108567903884326,-0.04786966716498503,True,brier best_threshold tp fp fn tn f1 recall precision miss_rate false_alarm_rate accuracy loss_07 loss_08 loss_09
11a,decision_tree,rt1,micro,2012,0.7143880208333333,0.6697443181818181,-0.04464370265151518,0.4186188703997329,0.4122261958389795,-0.006392674560753375,True,brier best_threshold tp fp fn tn f1 recall precision miss_rate false_alarm_rate accuracy loss_07 loss_08 loss_09
11a,lightgbm,baseline_t1,integrated,2010,0.4211312087281079,0.5194942044257113,0.09836299569760337,0.239509707210084,0.304669926324539,0.06516021911445499,True,brier best_threshold tp fp fn tn f1 recall precision miss_rate false_alarm_rate accuracy loss_07 loss_08 loss_09
11a,lightgbm,baseline_t1,integrated,2011,0.7414330218068536,0.5859414920797139,-0.15549152972713964,0.6561581173357165,0.3905391644948347,-0.2656189528408818,True,brier best_threshold tp fp fn tn f1 recall precision miss_rate false_alarm_rate accuracy loss_07 loss_08 loss_09
11a,lightgbm,baseline_t1,integrated,2012,0.8908854166666667,0.9339717741935484,0.043086357526881724,0.8520734764416062,0.8929683182362258,0.04089484179461955,True,brier best_threshold tp fp fn tn f1 recall precision miss_rate false_alarm_rate accuracy loss_07 loss_08 loss_09
11a,lightgbm,baseline_t1,macro,2010,0.5399368360608671,0.4632507903055848,-0.07668604575528226,0.4210179705788847,0.327800037599875,-0.09321793297900965,True,brier best_threshold tp fp fn tn f1 recall precision miss_rate false_alarm_rate accuracy loss_07 loss_08 loss_09
11a,lightgbm,baseline_t1,macro,2011,0.7174916349371178,0.6726494634644865,-0.044842171472631254,0.67985383300661,0.5669264667262379,-0.11292736628037203,True,brier best_threshold tp fn tn f1 recall precision miss_rate false_alarm_rate accuracy loss_07 loss_08 loss_09
11a,lightgbm,baseline_t1,macro,2012,0.7129340277777778,0.9554160557184751,0.2424820279406973,0.5561596837741443,0.9371764877279583,0.381016803953814,True,brier best_threshold tp fp fn tn f1 recall precision miss_rate false_alarm_rate accuracy loss_07 loss_08 loss_09
11a,lightgbm,baseline_t1,micro,2010,0.5335630203847258,0.5100105374077977,-0.023552482976928135,0.2740950739777196,0.258472717836395,-0.015622356141324567,True,brier best_threshold tp fp tn f1 recall precision miss_rate false_alarm_rate accuracy loss_07 loss_08 loss_09
11a,lightgbm,baseline_t1,micro,2011,0.8992731048805815,0.8666964741951967,-0.032576630685384855,0.8218875062839707,0.7392229013335496,-0.08266460495042105,True,brier best_threshold tp fp fn tn f1 recall precision miss_rate false_alarm_rate accuracy loss_07 loss_08 loss_09
11a,lightgbm,baseline_t1,micro,2012,0.8095052083333334,0.8952071114369501,0.0857019031036167,0.6226985495525332,0.7797036542107584,0.15700510465822515,True,brier best_threshold tp fp fn tn f1 recall precision miss_rate false_alarm_rate accuracy loss_07 loss_08 loss_09
11a,lightgbm,rt1,integrated,2011,0.8702549901926848,0.7904956566172713,-0.07975933357541354,0.7848276714832636,0.6802433576714172,-0.10458431381184641,True,brier best_threshold tp fp fn tn f1 recall precision miss_rate false_alarm_rate accuracy loss_07 loss_08 loss_09
11a,lightgbm,rt1,integrated,2012,0.9519965277777778,0.9556451612903225,0.003648633512544741,0.8572238592875904,0.8831974309899961,0.025973571702405773,True,brier best_threshold tp fp fn tn f1 recall precision miss_rate false_alarm_rate accuracy loss_07 loss_08 loss_09
11a,lightgbm,rt1,macro,2011,0.9158301603784469,0.8771716913643332,-0.03865846901411374,0.7813920641601773,0.7400064550638614,-0.041385609096315834,True,brier best_threshold tp fp fn tn f1 recall precision miss_rate false_alarm_rate accuracy loss_07 loss_08 loss_09
11a,lightgbm,rt1,macro,2012,0.9736979166666666,0.9543621700879765,-0.019335746578690083,0.8972559159628257,0.9170616580436202,0.019805742080794442,True,brier best_threshold tp fp tn f1 precision false_alarm_rate accuracy loss_07 loss_08 loss_09
11a,lightgbm,rt1,micro,2011,0.8941963770624206,0.8596704138988247,-0.03452596316359591,0.7701673893836524,0.7177082702032531,-0.05245911918039925,True,brier best_threshold tp fp fn tn f1 recall precision miss_rate false_alarm_rate accuracy loss_07 loss_08 loss_09
11a,lightgbm,rt1,micro,2012,0.8985677083333333,0.9044629765395895,0.005895268206256188,0.7796759187498531,0.829013110697135,0.04933719194728192,True,brier best_threshold tp fp fn tn f1 recall precision miss_rate false_alarm_rate accuracy loss_07 loss_08 loss_09
11a,logistic_regression,baseline_t1,integrated,2010,0.4187769164513351,0.4262381454162276,0.007461228964892541,0.3211018525571907,0.3215405065205938,0.0004386539634030906,True,brier best_threshold tp fp fn tn f1 recall precision miss_rate false_alarm_rate accuracy loss_07 loss_08 loss_09
11a,logistic_regression,baseline_t1,integrated,2011,0.8144109841929158,0.8003321410321921,-0.01407884316072372,0.7279505937078146,0.7405521961953428,0.012601602487528285,True,brier best_threshold tp fp fn tn f1 recall precision miss_rate false_alarm_rate accuracy loss_07 loss_08 loss_09
11a,logistic_regression,baseline_t1,integrated,2012,0.982421875,0.9916147360703813,0.009192861070381309,0.9465245824523897,0.9748522425493423,0.028327660096952645,True,brier best_threshold tp fp fn tn f1 recall precision miss_rate false_alarm_rate accuracy loss_07 loss_08 loss_09
11a,logistic_regression,baseline_t1,macro,2010,0.42595463680735,0.4343387776606955,0.00838414085334549,0.3415990445622459,0.3414905782363348,-0.00010846632591110517,True,brier best_threshold tp fp fn tn f1 recall precision miss_rate false_alarm_rate accuracy loss_07 loss_08 loss_09
11a,logistic_regression,baseline_t1,macro,2011,0.8009115034037153,0.7980327031170158,-0.002878800286699512,0.7718868777741764,0.7728584812267056,0.0009716034525292239,True,brier best_threshold tp fp fn tn f1 recall precision miss_rate false_alarm_rate accuracy loss_07 loss_08 loss_09
11a,logistic_regression,baseline_t1,macro,2012,0.9939236111111112,0.9831378299120235,-0.010785781199087685,0.9840664375715922,0.948699256927332,-0.03536718064426014,True,brier best_threshold tp fp tn f1 precision false_alarm_rate accuracy loss_07 loss_08 loss_09
11a,logistic_regression,baseline_t1,micro,2010,0.7209876543209877,0.6396865121180189,-0.0813011422029688,0.4829037964216131,0.3748358029715683,-0.10806799345004475,True,brier best_threshold tp fp fn tn f1 recall precision miss_rate false_alarm_rate accuracy loss_07 loss_08 loss_09
11a,logistic_regression,baseline_t1,micro,2011,0.9854044075227876,0.9657639243740419,-0.01964048314874567,0.9627084627731634,0.9560286994012379,-0.00667976337192544,True,brier best_threshold tp fp fn tn f1 recall precision miss_rate false_alarm_rate accuracy loss_07 loss_08 loss_09
11a,logistic_regression,baseline_t1,micro,2012,0.9835503472222222,0.986024560117302,0.0024742128950797637,0.9245890491804675,0.9331680859697022,0.008579036789234773,True,brier best_threshold fp fn tn f1 recall precision miss_rate false_alarm_rate accuracy loss_07 loss_08 loss_09
11a,logistic_regression,rt1,integrated,2011,1.0,0.999552887072049,-0.0004471129279509656,1.0,0.9988902980342423,-0.001109701965757659,True,brier best_threshold tp fp fn tn f1 recall precision miss_rate false_alarm_rate accuracy loss_07 loss_08 loss_09
11a,logistic_regression,rt1,integrated,2012,0.9994791666666667,0.9936308651026393,-0.0058483015640273806,0.9985567265165755,0.9755580895606529,-0.022998636955922525,True,brier best_threshold tp fp fn tn f1 recall precision miss_rate false_alarm_rate accuracy loss_07 loss_08 loss_09
11a,logistic_regression,rt1,macro,2011,1.0,1.0,0.0,1.0,1.0,0.0,True,brier best_threshold tp fp fn tn f1 recall precision miss_rate false_alarm_rate accuracy loss_07 loss_08 loss_09
11a,logistic_regression,rt1,macro,2012,1.0,1.0,0.0,1.0,1.0,0.0,True,brier best_threshold tp fn tn f1 recall miss_rate accuracy loss_07 loss_08 loss_09
11a,logistic_regression,rt1,micro,2011,1.0,0.9985947879407256,-0.0014052120592743522,1.0,0.9960268107306771,-0.003973189269322885,True,brier best_threshold tp fp fn tn f1 recall precision miss_rate false_alarm_rate accuracy loss_07 loss_08 loss_09
11a,logistic_regression,rt1,micro,2012,0.9919270833333333,0.9852914222873901,-0.006635661045943264,0.9667903953102038,0.9292530159905347,-0.03753737931966916,True,brier best_threshold fp fn tn f1 recall precision miss_rate false_alarm_rate accuracy loss_07 loss_08 loss_09
11a,lr_no_dummies,baseline_t1,integrated,2010,0.2666092449038185,0.2530295047418335,-0.013579740161984988,0.1910727925136406,0.1749559190576662,-0.0161168734559744,True,brier best_threshold tp fp fn tn f1 recall precision miss_rate false_alarm_rate accuracy loss_07 loss_08 loss_09
11a,lr_no_dummies,baseline_t1,integrated,2011,0.5125764393677167,0.5223556463975473,0.009779207029830594,0.3557912809691429,0.328239766424215,-0.027551514544927935,True,brier best_threshold tp fp fn tn f1 recall precision miss_rate false_alarm_rate accuracy loss_07 loss_08 loss_09
11a,lr_no_dummies,baseline_t1,integrated,2012,0.6932291666666667,0.6931359970674486,-9.316959921812362e-05,0.5917140393523519,0.5300767951450142,-0.06163724420733774,True,brier best_threshold tp fp fn tn f1 recall precision miss_rate false_alarm_rate accuracy loss_07 loss_08 loss_09
11a,lr_no_dummies,baseline_t1,macro,2010,0.2467413149583692,0.2716016859852476,0.02486037102687838,0.2076561624758679,0.1998606700663465,-0.007795492409521404,True,brier best_threshold tp fp fn tn f1 recall precision miss_rate false_alarm_rate accuracy loss_07 loss_08 loss_09
11a,lr_no_dummies,baseline_t1,macro,2011,0.375043267566632,0.3732115482881962,-0.0018317192784357839,0.3539233866884734,0.3647997747989615,0.010876388110488078,True,brier best_threshold tp fp fn tn f1 recall precision miss_rate false_alarm_rate accuracy loss_07 loss_08 loss_09
11a,lr_no_dummies,baseline_t1,macro,2012,0.6078559027777778,0.5900843108504399,-0.017771591927337904,0.5862182270423398,0.56830052788796,-0.017917699154379796,True,brier best_threshold tp fp fn tn f1 recall precision miss_rate false_alarm_rate accuracy loss_07 loss_08 loss_09
11a,lr_no_dummies,baseline_t1,micro,2010,0.5206431237438989,0.545508429926238,0.024865306182339175,0.3166613176810571,0.3045784929481292,-0.012082824732927877,True,brier best_threshold tp fp fn tn f1 recall precision miss_rate false_alarm_rate accuracy loss_07 loss_08 loss_09
11a,lr_no_dummies,baseline_t1,micro,2011,0.5591323410638053,0.5857179356157384,0.0265855945519331,0.3343809148421832,0.3417352038950605,0.0073542890528773275,True,brier best_threshold tp fp fn tn f1 recall precision miss_rate false_alarm_rate accuracy loss_07 loss_08 loss_09
11a,lr_no_dummies,baseline_t1,micro,2012,0.6720052083333333,0.7062408357771262,0.034235627443792827,0.4530847555177435,0.490405271102972,0.037320515585228475,True,brier best_threshold tp fp fn tn f1 recall precision miss_rate false_alarm_rate accuracy loss_07 loss_08 loss_09
11a,mlp,baseline_t1,integrated,2010,0.2145277060005742,0.2384088514225501,0.02388114542197592,0.1789407753661076,0.1720030519302186,-0.006937723435889026,True,brier best_threshold tp fp tn f1 precision false_alarm_rate accuracy loss_07 loss_08 loss_09
11a,mlp,baseline_t1,integrated,2011,0.6197646244375216,0.5479049565661728,-0.07185966787134879,0.4209531366750218,0.384196751722183,-0.03675638495283884,True,brier best_threshold tp fp fn tn f1 recall precision miss_rate false_alarm_rate accuracy loss_07 loss_08 loss_09
11a,mlp,baseline_t1,integrated,2012,0.8641927083333334,0.8386180351906158,-0.025574673142717552,0.8133266740810985,0.7768083783223445,-0.03651829575875398,True,brier best_threshold tp fp fn tn f1 recall precision miss_rate false_alarm_rate accuracy loss_07 loss_08 loss_09
11a,mlp,baseline_t1,macro,2010,0.2249210450760838,0.2324815595363541,0.007560514460270312,0.1987334431279795,0.1906230281098544,-0.008110415018125094,True,brier best_threshold tp fp tn f1 precision false_alarm_rate accuracy loss_07 loss_08 loss_09
11a,mlp,baseline_t1,macro,2011,0.6424945194415599,0.7924757281553398,0.14998120871377996,0.5174808660019052,0.7497902187337494,0.23230935273184417,True,brier best_threshold tp fp fn tn f1 recall precision miss_rate false_alarm_rate accuracy loss_07 loss_08 loss_09
11a,mlp,baseline_t1,macro,2012,0.8772569444444445,0.814882697947214,-0.062374246497230446,0.7937372770930364,0.8031657611028025,0.009428484009766036,True,brier best_threshold tp fp fn tn f1 recall precision miss_rate false_alarm_rate accuracy loss_07 loss_08 loss_09
11a,mlp,baseline_t1,micro,2010,0.5738156761412575,0.5343124341412012,-0.03950324200005628,0.3532611523045163,0.3160285774572135,-0.0372325748473028,True,brier best_threshold tp fp fn tn f1 recall precision miss_rate false_alarm_rate accuracy loss_07 loss_08 loss_09
11a,mlp,baseline_t1,micro,2011,0.8159109265028269,0.6932166581502299,-0.122694268352597,0.6307576285381221,0.4695064546644075,-0.16125117387371463,True,brier best_threshold tp fp fn tn f1 recall precision miss_rate false_alarm_rate accuracy loss_07 loss_08 loss_09
11a,mlp,baseline_t1,micro,2012,0.8411892361111111,0.8762829912023461,0.035093755091235024,0.6393078528376934,0.7088017185268464,0.06949386568915294,True,brier best_threshold tp fp fn tn f1 recall precision miss_rate false_alarm_rate accuracy loss_07 loss_08 loss_09
11a,mlp,rt1,integrated,2011,0.9494057920849197,0.9339550332141032,-0.015450758870816483,0.8648789739273104,0.8450716335736547,-0.019807340353655722,True,brier best_threshold tp fp fn tn f1 recall precision miss_rate false_alarm_rate accuracy loss_07 loss_08 loss_09
11a,mlp,rt1,integrated,2012,0.957248263888889,0.935300586510264,-0.021947677378624908,0.9414847316227378,0.9203245140254248,-0.021160217597313014,True,brier best_threshold tp fp fn tn f1 recall precision miss_rate false_alarm_rate accuracy loss_07 loss_08 loss_09
11a,mlp,rt1,macro,2011,0.9411561093804084,0.939703628002044,-0.0014524813783644008,0.8280821336285096,0.8269972618271687,-0.0010848718013408698,True,brier best_threshold tp fp fn tn f1 recall precision miss_rate false_alarm_rate accuracy loss_07 loss_08 loss_09
11a,mlp,rt1,macro,2012,0.9123697916666667,0.8869134897360704,-0.025456301930596226,0.8978677520445318,0.8613753734489256,-0.03649237859560628,True,brier best_threshold tp fn tn f1 recall precision miss_rate false_alarm_rate accuracy loss_07 loss_08 loss_09
11a,mlp,rt1,micro,2011,0.8967924310603438,0.8428717424629536,-0.05392068859739019,0.7964944940977774,0.7108877040692738,-0.08560679002850358,True,brier best_threshold tp fp fn tn f1 recall precision miss_rate false_alarm_rate accuracy loss_07 loss_08 loss_09
11a,mlp,rt1,micro,2012,0.8841579861111111,0.857908724340176,-0.026249261770935117,0.7214260783792622,0.7231782140723222,0.0017521356930599863,True,brier best_threshold tp fp fn tn f1 recall precision miss_rate false_alarm_rate accuracy loss_07 loss_08 loss_09
11a,random_forest,baseline_t1,integrated,2010,0.3099052540913006,0.2637974183350896,-0.046107835756211024,0.2028345853321246,0.1809615675058713,-0.021873017826253283,True,brier best_threshold tp fp fn tn f1 recall precision miss_rate false_alarm_rate accuracy loss_07 loss_08 loss_09
11a,random_forest,baseline_t1,integrated,2011,0.7294334833275644,0.7346065406234031,0.005173057295838723,0.6398201249588202,0.6419872736461687,0.0021671486873484636,True,brier best_threshold tp fp fn tn f1 recall precision miss_rate false_alarm_rate accuracy loss_07 loss_08 loss_09
11a,random_forest,baseline_t1,integrated,2012,0.8973958333333334,0.9353464076246334,0.0379505742913,0.8602864248394085,0.9065512964601876,0.04626487162077908,True,brier best_threshold tp fp fn tn f1 recall precision miss_rate false_alarm_rate accuracy loss_07 loss_08 loss_09
11a,random_forest,baseline_t1,macro,2010,0.3559862187769164,0.2996904636459431,-0.05629575513097329,0.25345385677788,0.2168822768052246,-0.03657157997265542,True,brier best_threshold tp fp fn tn f1 recall precision miss_rate false_alarm_rate accuracy loss_07 loss_08 loss_09
11a,random_forest,baseline_t1,macro,2011,0.8085265951309566,0.7395247828308636,-0.06900181230009295,0.6894388414915487,0.6506989145410657,-0.038739926950483006,True,brier best_threshold tp fp fn tn f1 recall precision miss_rate false_alarm_rate accuracy loss_07 loss_08 loss_09
11a,random_forest,baseline_t1,macro,2012,0.8868923611111111,0.8844620601173019,-0.0024303009938092535,0.8722215697468939,0.8633949745906266,-0.00882659515626727,True,brier best_threshold tp fp fn tn f1 recall precision miss_rate false_alarm_rate accuracy loss_07 loss_08 loss_09
11a,random_forest,baseline_t1,micro,2010,0.4850416307780649,0.5118875131717597,0.026845882393694842,0.247048303983687,0.2499867111930987,0.002938407209411714,True,brier best_threshold tp fp fn tn f1 recall precision miss_rate false_alarm_rate accuracy loss_07 loss_08 loss_09
11a,random_forest,baseline_t1,micro,2011,0.9115034037152417,0.9041900868676546,-0.007313316847587181,0.838948767087592,0.8179052807736668,-0.021043486313925275,True,brier best_threshold tp fp fn tn f1 recall precision miss_rate false_alarm_rate accuracy loss_07 loss_08 loss_09
11a,random_forest,baseline_t1,micro,2012,0.8396701388888889,0.8851722873900293,0.04550214850114043,0.6518360695268604,0.7658102872786794,0.11397421775181904,True,brier best_threshold tp fp fn tn f1 recall precision miss_rate false_alarm_rate accuracy loss_07 loss_08 loss_09
11a,random_forest,rt1,integrated,2011,0.927887388946579,0.8948645886561062,-0.033022800290472776,0.8219896392484056,0.7632512537395599,-0.05873838550884569,True,brier best_threshold tp fp fn tn f1 recall precision miss_rate false_alarm_rate accuracy loss_07 loss_08 loss_09
11a,random_forest,rt1,integrated,2012,0.9782986111111112,0.988063599706745,0.009764988595633795,0.9537195267888999,0.9693098311852025,0.015590304396302601,True,brier best_threshold tp fp fn tn f1 recall precision miss_rate false_alarm_rate accuracy loss_07 loss_08 loss_09
11a,random_forest,rt1,macro,2011,0.8671685704395984,0.8758303525804803,0.008661782140881868,0.763334983191915,0.6962147292270974,-0.06712025396481758,True,brier best_threshold tp fp fn tn f1 recall precision miss_rate false_alarm_rate accuracy loss_07 loss_08 loss_09
11a,random_forest,rt1,macro,2012,0.9544053819444445,0.9516816348973607,-0.00272374704708378,0.920622625433622,0.9140112188425071,-0.006611406591114921,True,brier best_threshold tp fp fn tn f1 recall precision miss_rate false_alarm_rate accuracy loss_07 loss_08 loss_09
11a,random_forest,rt1,micro,2011,0.9064843659859235,0.9125574859478794,0.0060731199619559195,0.7926508916590839,0.820179676767464,0.027528785108380083,True,brier best_threshold tp fp fn tn f1 recall precision miss_rate false_alarm_rate accuracy loss_07 loss_08 loss_09
11a,random_forest,rt1,micro,2012,0.9359157986111111,0.9148872800586509,-0.02102851855246013,0.8657947567867399,0.8240565981970343,-0.04173815858970564,True,brier best_threshold tp fp fn tn f1 recall precision miss_rate false_alarm_rate accuracy loss_07 loss_08 loss_09
11a,xgboost,baseline_t1,integrated,2010,0.5709445879988515,0.5770218651211801,0.006077277122328639,0.2793094091844008,0.2744437457398802,-0.004865663444520607,True,brier best_threshold tp fp fn tn f1 recall precision miss_rate false_alarm_rate accuracy loss_07 loss_08 loss_09
11a,xgboost,baseline_t1,integrated,2011,0.6306103611399562,0.7345426673479816,0.1039323062080254,0.57104394580377,0.5250733718387732,-0.04597057396499682,True,brier best_threshold tp fp fn tn f1 recall precision miss_rate false_alarm_rate accuracy loss_07 loss_08 loss_09
11a,xgboost,baseline_t1,integrated,2012,0.828515625,0.8275293255131966,-0.0009862994868033992,0.8374826865775985,0.8190849627263125,-0.01839772385128602,True,brier best_threshold tp fp fn tn f1 recall precision miss_rate false_alarm_rate accuracy loss_07 loss_08 loss_09
11a,xgboost,baseline_t1,macro,2010,0.5399942578237152,0.5650684931506849,0.02507423532696962,0.2950995352656743,0.2888692535228686,-0.00623028174280571,True,brier best_threshold tp fp fn tn f1 recall precision miss_rate false_alarm_rate accuracy loss_07 loss_08 loss_09
11a,xgboost,baseline_t1,macro,2011,0.74789431175724,0.5827797649463464,-0.16511454681089355,0.6674570872150731,0.5438860589460535,-0.12357102826901967,True,brier best_threshold tp fp fn tn f1 recall precision miss_rate false_alarm_rate accuracy loss_07 loss_08 loss_09
11a,xgboost,baseline_t1,macro,2012,0.8371961805555557,0.7756140029325513,-0.06158217762300433,0.854381029796078,0.7852905028178457,-0.06909052697823226,True,brier best_threshold tp fp fn tn f1 recall precision miss_rate false_alarm_rate accuracy loss_07 loss_08 loss_09
11a,xgboost,baseline_t1,micro,2010,0.5259259259259259,0.5297023182297155,0.0037763923037895664,0.270667602220672,0.2602905397800843,-0.01037706244058767,True,brier best_threshold tp fp fn tn f1 recall precision miss_rate false_alarm_rate accuracy loss_07 loss_08 loss_09
11a,xgboost,baseline_t1,micro,2011,0.8933310257297796,0.8794072560040879,-0.01392376972569176,0.8130279152721246,0.7458569983465291,-0.06717091692559551,True,brier best_threshold tp fp fn tn f1 recall precision miss_rate false_alarm_rate accuracy loss_07 loss_08 loss_09
11a,xgboost,baseline_t1,micro,2012,0.8248697916666667,0.8386409457478006,0.01377115408113383,0.6761544879913435,0.6469484685403457,-0.029206019450997767,True,brier best_threshold tp fp fn tn f1 recall precision miss_rate false_alarm_rate accuracy loss_07 loss_08 loss_09
11a,xgboost,rt1,integrated,2011,0.8900426906657437,0.908533469596321,0.018490778930577267,0.7651134926936649,0.7864953511288176,0.021381858435152723,True,brier best_threshold tp fp fn tn f1 recall precision miss_rate false_alarm_rate accuracy loss_07 loss_08 loss_09
11a,xgboost,rt1,integrated,2012,0.9299913194444445,0.938599706744868,0.00860838730042357,0.8655932614533788,0.8474874997700665,-0.018105761683312238,True,brier best_threshold tp fp fn tn f1 recall precision miss_rate false_alarm_rate accuracy loss_07 loss_08 loss_09
11a,xgboost,rt1,macro,2011,0.899157724702896,0.9039345937659684,0.0047768690630723976,0.7694066397667452,0.7826105708347253,0.013203931067980124,True,brier best_threshold tp fp fn tn f1 recall precision miss_rate false_alarm_rate accuracy loss_07 loss_08 loss_09
11a,xgboost,rt1,macro,2012,0.9338975694444445,0.9414406158357771,0.007543046391332631,0.8618441382643302,0.8625620172999078,0.0007178790355776288,True,brier best_threshold tp fp fn tn f1 recall precision miss_rate false_alarm_rate accuracy loss_07 loss_08 loss_09
11a,xgboost,rt1,micro,2011,0.8921772239529249,0.8531553398058253,-0.03902188414709962,0.7703740919290872,0.7086341872279459,-0.061739904701141324,True,brier best_threshold tp fp fn tn f1 recall precision miss_rate false_alarm_rate accuracy loss_07 loss_08 loss_09
11a,xgboost,rt1,micro,2012,0.8908854166666667,0.8850348240469207,-0.0058505926197459646,0.7867992499390439,0.7892637953902378,0.0024645454511939002,True,brier best_threshold tp fp fn tn f1 recall precision miss_rate false_alarm_rate accuracy loss_07 loss_08 loss_09
11b,decision_tree,baseline_t1,integrated,2010,0.8327878265862763,0.838876448893572,0.006088622307295788,0.5970973845255992,0.5881186434875612,-0.008978741038038085,True,brier best_threshold tp fp fn tn f1 recall precision miss_rate false_alarm_rate accuracy loss_07 loss_08 loss_09
11b,decision_tree,baseline_t1,integrated,2011,0.6074189454251759,0.7759964230965763,0.1685774776714004,0.352500523121992,0.4974992812744164,0.1449987581524244,True,brier best_threshold tp fp fn tn f1 recall precision miss_rate false_alarm_rate accuracy loss_07 loss_08 loss_09
11b,decision_tree,baseline_t1,integrated,2012,0.7764756944444444,0.8340130131964809,0.05753731875203649,0.4572819215203782,0.5880029515620169,0.13072103004163865,True,brier best_threshold tp fp fn tn f1 recall precision miss_rate false_alarm_rate accuracy loss_07 loss_08 loss_09
11b,decision_tree,baseline_t1,macro,2010,0.8416594889463107,0.838876448893572,-0.002783040052738661,0.6183253359179285,0.5881186434875612,-0.030206692430367332,True,brier best_threshold tp fp fn tn f1 recall precision miss_rate false_alarm_rate accuracy loss_07 loss_08 loss_09
11b,decision_tree,baseline_t1,macro,2011,0.6388600438444676,0.7448901379662749,0.1060300941218073,0.4760847994689248,0.4968081924137737,0.02072339294484893,True,brier best_threshold tp fp fn f1 recall precision miss_rate false_alarm_rate accuracy loss_07 loss_08 loss_09
11b,decision_tree,baseline_t1,macro,2012,0.7509982638888888,0.7923157991202346,0.04131753523134585,0.423129466163056,0.4975518222585393,0.07442235609548326,True,brier best_threshold tp fp fn tn f1 recall precision miss_rate false_alarm_rate accuracy loss_07 loss_08 loss_09
11b,decision_tree,baseline_t1,micro,2010,0.5412001148435257,0.4855769230769231,-0.05562319176660263,0.2933362707958314,0.2515952627965828,-0.041741007999248625,True,brier best_threshold tp fp fn tn f1 recall precision miss_rate false_alarm_rate accuracy loss_07 loss_08 loss_09
11b,decision_tree,baseline_t1,micro,2011,0.5871408791969539,0.6117143587123147,0.02457347951536082,0.3410676312298385,0.3991443547318412,0.05807672350200266,True,brier best_threshold tp fp fn tn f1 recall precision miss_rate false_alarm_rate accuracy loss_07 loss_08 loss_09
11b,decision_tree,baseline_t1,micro,2012,0.7002387152777778,0.7086693548387097,0.00843063956093193,0.4159280357837202,0.5074962736591023,0.09156823787538215,True,brier best_threshold tp fp fn tn f1 recall precision miss_rate false_alarm_rate accuracy loss_07 loss_08 loss_09
11b,decision_tree,rt1,integrated,2011,0.5552671051113418,0.5273377618804292,-0.027929343230912562,0.3213468647555277,0.2912891513115477,-0.030057713443980005,True,brier best_threshold tp fp fn tn f1 recall precision miss_rate false_alarm_rate accuracy loss_07 loss_08 loss_09
11b,decision_tree,rt1,integrated,2012,0.7625651041666667,0.7733229472140762,0.010757843047409565,0.5621075051836549,0.5718031968031968,0.009695691619541869,True,brier best_threshold tp fp fn tn f1 recall precision miss_rate false_alarm_rate accuracy loss_07 loss_08 loss_09
11b,decision_tree,rt1,macro,2011,0.6456963193723317,0.5273377618804292,-0.1183585574919025,0.4239385605675625,0.2912891513115477,-0.13264940925601482,True,brier best_threshold tp fp fn tn f1 recall precision miss_rate false_alarm_rate accuracy loss_07 loss_08 loss_09
11b,decision_tree,rt1,macro,2012,0.7542317708333334,0.7248671187683283,-0.029364652065005048,0.5478132824320171,0.4520737422615524,-0.09573954017046471,True,brier best_threshold tp fp fn tn f1 recall precision miss_rate false_alarm_rate accuracy loss_07 loss_08 loss_09
11b,decision_tree,rt1,micro,2011,0.7200876889350409,0.7651699029126213,0.04508221397758039,0.4528386619444413,0.4935703181972217,0.04073165625278041,True,brier best_threshold tp fp fn tn f1 recall precision miss_rate false_alarm_rate accuracy loss_07 loss_08 loss_09
11b,decision_tree,rt1,micro,2012,0.7136718750000001,0.7348103005865103,0.021138425586510246,0.4838496667377631,0.5018054818853306,0.0179558151475675,True,brier best_threshold tp fp fn tn f1 recall precision miss_rate false_alarm_rate accuracy loss_07 loss_08 loss_09
11b,lightgbm,baseline_t1,integrated,2010,0.668274476026414,0.5869336143308747,-0.08134086169553933,0.3444883920050509,0.3991620009990442,0.05467360899399332,True,brier best_threshold tp fp fn tn f1 recall precision miss_rate false_alarm_rate accuracy loss_07 loss_08 loss_09
11b,lightgbm,baseline_t1,integrated,2011,0.8766585900542286,0.7777848748083802,-0.09887371524584843,0.7064193755709748,0.7742122929653422,0.06779291739436744,True,brier best_threshold tp fp fn tn f1 recall precision miss_rate false_alarm_rate accuracy loss_07 loss_08 loss_09
11b,lightgbm,baseline_t1,integrated,2012,0.9058593749999999,0.9081744868035191,0.0023151118035191764,0.8673913200796206,0.8868015703984518,0.019410250318831146,True,brier best_threshold tp fp fn tn f1 recall precision miss_rate false_alarm_rate accuracy loss_07 loss_08 loss_09
11b,lightgbm,baseline_t1,macro,2010,0.601435544071203,0.5553872497365648,-0.046048294334638196,0.5757427569814579,0.3463189900470615,-0.22942376693439642,True,brier best_threshold tp fp fn tn f1 recall precision miss_rate false_alarm_rate accuracy loss_07 loss_08 loss_09
11b,lightgbm,baseline_t1,macro,2011,0.8798315449405791,0.758942258559019,-0.12088928638156016,0.8095468158363051,0.7794721940405449,-0.030074621795760148,True,brier best_threshold tp fp fn tn f1 recall precision miss_rate false_alarm_rate accuracy loss_07 loss_08 loss_09
11b,lightgbm,baseline_t1,macro,2012,0.7878038194444443,0.9075329912023461,0.11972917175790176,0.760815678179518,0.8042831008395954,0.043467422660077415,True,brier best_threshold tp fp fn tn f1 recall precision miss_rate false_alarm_rate accuracy loss_07 loss_08 loss_09
11b,lightgbm,baseline_t1,micro,2010,0.467298306057996,0.4932824025289778,0.02598409647098182,0.2548199345535315,0.2680322010868213,0.013212266533289774,True,brier best_threshold tp fp fn tn f1 recall precision miss_rate false_alarm_rate accuracy loss_07 loss_08 loss_09
11b,lightgbm,baseline_t1,micro,2011,0.8324102919118496,0.8396142054164538,0.0072039135046042535,0.6754450250658757,0.7666430125464228,0.09119798748054708,True,brier best_threshold tp fp fn tn f1 recall precision miss_rate false_alarm_rate accuracy loss_07 loss_08 loss_09
11b,lightgbm,baseline_t1,micro,2012,0.7793836805555556,0.8001741202346041,0.020790439679048478,0.5535472871387032,0.5889785621006115,0.03543127496190834,True,brier best_threshold tp fp fn tn f1 recall precision miss_rate false_alarm_rate accuracy loss_07 loss_08 loss_09
11b,lightgbm,rt1,integrated,2011,0.8816776277835469,0.8934593765968318,0.011781748813284976,0.8442600939272071,0.7898826235796238,-0.054377470347583334,True,brier best_threshold tp fp fn tn f1 recall precision miss_rate false_alarm_rate accuracy loss_07 loss_08 loss_09
11b,lightgbm,rt1,integrated,2012,0.9751302083333333,0.9094116568914956,-0.06571855144183769,0.9230589114463055,0.8943367931929227,-0.028722118253382778,True,brier best_threshold tp fp fn tn f1 recall precision miss_rate false_alarm_rate accuracy loss_07 loss_08 loss_09
11b,lightgbm,rt1,macro,2011,0.8847928925810545,0.6384133878385284,-0.24637950474252612,0.7974683411148555,0.538542617436098,-0.25892572367875755,True,brier best_threshold tp fp fn tn f1 recall precision miss_rate false_alarm_rate accuracy loss_07 loss_08 loss_09
11b,lightgbm,rt1,macro,2012,0.9894531249999999,1.0,0.010546875000000067,0.9761106879918761,1.0,0.023889312008123942,True,brier best_threshold tp fp fn tn f1 recall precision miss_rate false_alarm_rate accuracy loss_07 loss_08
11b,lightgbm,rt1,micro,2011,0.8787931233414099,0.8941619826264691,0.015368859285059155,0.7522984123115426,0.7802111893060705,0.027912776994527877,True,brier best_threshold tp fp fn tn f1 recall precision miss_rate false_alarm_rate accuracy loss_07 loss_08 loss_09
11b,lightgbm,rt1,micro,2012,0.9117621527777777,0.9098240469208211,-0.00193810585695664,0.8171755281087274,0.8337954543887085,0.0166199262799811,True,brier best_threshold tp fp fn tn f1 recall precision miss_rate false_alarm_rate accuracy loss_07 loss_08 loss_09
11b,logistic_regression,baseline_t1,integrated,2010,0.4052253804191789,0.4355900948366702,0.030364714417491334,0.2676501167896529,0.3145900447850843,0.046939927995431396,True,brier best_threshold tp fp fn tn f1 recall precision miss_rate false_alarm_rate accuracy loss_07 loss_08 loss_09
11b,logistic_regression,baseline_t1,integrated,2011,0.8480443059882312,0.8817705671946857,0.0337262612064545,0.743311875197946,0.8070720594116012,0.06376018421365526,True,brier best_threshold tp fp fn tn f1 recall precision miss_rate false_alarm_rate accuracy loss_07 loss_08 loss_09
11b,logistic_regression,baseline_t1,integrated,2012,0.9566406249999999,0.982908724340176,0.026268099340176043,0.9350207776132092,0.9329022525165842,-0.0021185250966250235,True,brier best_threshold fp fn tn f1 recall precision miss_rate false_alarm_rate accuracy loss_07 loss_08 loss_09
11b,logistic_regression,baseline_t1,macro,2010,0.4280218202698823,0.4294652265542676,0.001443406284385329,0.3093372667338903,0.3345648719284099,0.02522760519451961,True,brier best_threshold tp fp fn tn f1 recall precision miss_rate false_alarm_rate accuracy loss_07 loss_08 loss_09
11b,logistic_regression,baseline_t1,macro,2011,0.8551978770047306,0.8657383750638733,0.0105404980591427,0.788743149765712,0.8175139271445941,0.028770777378882118,True,brier best_threshold tp fp fn tn f1 recall precision miss_rate false_alarm_rate accuracy loss_07 loss_08 loss_09
11b,logistic_regression,baseline_t1,macro,2012,0.9657552083333334,0.9960135630498533,0.030258354716519942,0.9509776902887138,0.9915501165501166,0.04057242626140278,True,brier best_threshold tp fp fn tn f1 recall precision miss_rate false_alarm_rate accuracy loss_07 loss_08 loss_09
11b,logistic_regression,baseline_t1,micro,2010,0.6710307206431237,0.6422550052687039,-0.028775715374419808,0.4597873063457184,0.4027259889598531,-0.057061317385865284,True,brier best_threshold tp fp fn tn f1 recall precision miss_rate false_alarm_rate accuracy loss_07 loss_08 loss_09
11b,logistic_regression,baseline_t1,micro,2011,0.9577708549671167,0.9650613183444047,0.007290463377288003,0.9425891445729516,0.9537470331585465,0.011157888585594855,True,brier best_threshold tp fp fn tn f1 recall precision miss_rate false_alarm_rate accuracy loss_07 loss_08 loss_09
11b,logistic_regression,baseline_t1,micro,2012,0.9775607638888889,0.9793346774193548,0.0017739135304658538,0.9311718802419817,0.9374221959281545,0.006250315686172736,True,brier best_threshold tp fp fn tn f1 recall precision miss_rate false_alarm_rate accuracy loss_07 loss_08 loss_09
11b,logistic_regression,rt1,integrated,2011,0.9787700473058729,0.9892054164537557,0.01043536914788279,0.9613817550611704,0.9784870436326303,0.017105288571459876,True,brier best_threshold tp fp fn tn f1 recall precision miss_rate false_alarm_rate accuracy loss_07 loss_08 loss_09
11b,logistic_regression,rt1,integrated,2012,0.9998263888888889,0.999908357771261,8.196888237210764e-05,0.9995033365164451,0.9997431864611385,0.00023984994469339327,True,brier best_threshold tp tn f1 precision false_alarm_rate accuracy loss_07 loss_08 loss_09
11b,logistic_regression,rt1,macro,2011,0.9738086996653975,0.9865866121614716,0.012777912496074073,0.9576109797741004,0.972165991902834,0.014555012128733669,True,brier best_threshold tp fp fn tn f1 recall precision miss_rate false_alarm_rate accuracy loss_07 loss_08 loss_09
11b,logistic_regression,rt1,macro,2012,1.0,1.0,0.0,0.9999999999999999,1.0,1.1102230246251565e-16,True,brier best_threshold tp fp tn f1 precision false_alarm_rate accuracy loss_07 loss_08 loss_09
11b,logistic_regression,rt1,micro,2011,0.9995961693781009,0.9994890137966275,-0.00010715558147345039,0.9989754911864687,0.9985664540141507,-0.0004090371723179942,True,brier best_threshold tp fp fn tn f1 recall precision miss_rate false_alarm_rate accuracy loss_07 loss_08 loss_09
11b,logistic_regression,rt1,micro,2012,0.9905815972222223,0.9879032258064516,-0.002678371415770653,0.961129138645021,0.946974757818952,-0.014154380826069013,True,brier best_threshold fp fn tn f1 recall precision miss_rate false_alarm_rate accuracy loss_07 loss_08 loss_09
11b,lr_no_dummies,baseline_t1,integrated,2010,0.3390180878552972,0.3288988408851423,-0.010119246970154872,0.2052872741606597,0.2406535556589391,0.03536628149827939,True,brier best_threshold tp fp fn tn f1 recall precision miss_rate false_alarm_rate accuracy loss_07 loss_08 loss_09
11b,lr_no_dummies,baseline_t1,integrated,2011,0.6998384677512404,0.8036535513541134,0.10381508360287306,0.5246620539528426,0.7148053279128902,0.1901432739600476,True,brier best_threshold tp fp fn tn f1 recall precision miss_rate false_alarm_rate accuracy loss_07 loss_08 loss_09
11b,lr_no_dummies,baseline_t1,integrated,2012,0.7965711805555556,0.7984787390029326,0.0019075584473770002,0.6950531457600364,0.6573098160469498,-0.03774332971308658,True,brier best_threshold tp fp fn tn f1 recall precision miss_rate false_alarm_rate accuracy loss_07 loss_08 loss_09
11b,lr_no_dummies,baseline_t1,macro,2010,0.2965259833476888,0.3144757639620653,0.017949780614376465,0.2173853776251712,0.2782124424024539,0.0608270647772827,True,brier best_threshold tp fp fn tn f1 recall precision miss_rate false_alarm_rate accuracy loss_07 loss_08 loss_09
11b,lr_no_dummies,baseline_t1,macro,2011,0.6793007961232261,0.7759325498211548,0.09663175369792865,0.5334523703933598,0.6970295532625661,0.1635771828692063,True,brier best_threshold tp fp fn tn f1 recall precision miss_rate false_alarm_rate accuracy loss_07 loss_08 loss_09
11b,lr_no_dummies,baseline_t1,macro,2012,0.7471788194444444,0.7431268328445748,-0.004051986599869606,0.6671672284547121,0.6481029907656252,-0.019064237689086938,True,brier best_threshold tp fp fn tn f1 recall precision miss_rate false_alarm_rate accuracy loss_07 loss_08 loss_09
11b,lr_no_dummies,baseline_t1,micro,2010,0.4821131208728108,0.4849183350895679,0.0028052142167571126,0.3014412792008909,0.2799890972661341,-0.021452181934756842,True,brier best_threshold tp fp fn tn f1 recall precision miss_rate false_alarm_rate accuracy loss_07 loss_08 loss_09
11b,lr_no_dummies,baseline_t1,micro,2011,0.6283604476750895,0.6114588656106285,-0.016901582064461018,0.4041219112880002,0.3833063645956722,-0.02081554669232799,True,brier best_threshold tp fp fn tn f1 recall precision miss_rate false_alarm_rate accuracy loss_07 loss_08 loss_09
11b,lr_no_dummies,baseline_t1,micro,2012,0.6713107638888889,0.6859420821114369,0.01463131822254804,0.4891126033189563,0.4275057745691873,-0.06160682874976897,True,brier best_threshold tp fp fn tn f1 recall precision miss_rate false_alarm_rate accuracy loss_07 loss_08 loss_09
11b,mlp,baseline_t1,integrated,2010,0.1735285673270169,0.2316253951527924,0.05809682782577549,0.1728576579948845,0.2214744651658248,0.0486168071709403,True,brier best_threshold tp fp fn tn f1 recall precision miss_rate false_alarm_rate accuracy loss_07 loss_08 loss_09
11b,mlp,baseline_t1,integrated,2011,0.8298142379139264,0.8657383750638732,0.0359241371499468,0.6921765731968554,0.7042173703578429,0.012040797160987493,True,brier best_threshold tp fp fn tn f1 recall precision miss_rate false_alarm_rate accuracy loss_07 loss_08 loss_09
11b,mlp,baseline_t1,integrated,2012,0.7969618055555556,0.8262463343108505,0.02928452875529486,0.6900195499472445,0.6939800809011932,0.003960530953948771,True,brier best_threshold tp fp fn tn f1 recall precision miss_rate false_alarm_rate accuracy loss_07 loss_08 loss_09
11b,mlp,baseline_t1,macro,2010,0.1660637381567614,0.2637644889357218,0.0977007507789604,0.1893780750605718,0.2448651142364748,0.055487039175903,True,brier best_threshold tp fp fn tn f1 recall precision miss_rate false_alarm_rate accuracy loss_07 loss_08 loss_09
11b,mlp,baseline_t1,macro,2011,0.7350871120341526,0.7644992335206949,0.029412121486542375,0.6521103760346061,0.6955978638412705,0.04348748780666445,True,brier best_threshold tp fp fn tn f1 recall precision miss_rate false_alarm_rate accuracy loss_07 loss_08 loss_09
11b,mlp,baseline_t1,macro,2012,0.776171875,0.7812958211143695,0.005123946114369504,0.7327792285024102,0.7263081228181781,-0.006471105684232037,True,brier best_threshold tp fp fn tn f1 recall precision miss_rate false_alarm_rate accuracy loss_07 loss_08 loss_09
11b,mlp,baseline_t1,micro,2010,0.474992822279644,0.5274631190727082,0.05247029679306414,0.3123082320095075,0.3111256220582769,-0.001182609951230651,True,brier best_threshold tp fp fn tn f1 recall precision miss_rate false_alarm_rate accuracy loss_07 loss_08 loss_09
11b,mlp,baseline_t1,micro,2011,0.5698050074997116,0.6784619315278488,0.1086569240281372,0.3509537326572396,0.452595431636055,0.10164169897881536,True,brier best_threshold tp fp fn tn f1 recall precision miss_rate false_alarm_rate accuracy loss_07 loss_08 loss_09
11b,mlp,baseline_t1,micro,2012,0.7852864583333333,0.8355021994134898,0.05021574108015647,0.5858715820635421,0.6463157992931842,0.060444217229642105,True,brier best_threshold tp fn tn f1 recall precision miss_rate false_alarm_rate accuracy loss_07 loss_08 loss_09
11b,mlp,rt1,integrated,2011,0.9104072920272298,0.9216913643331629,0.01128407230593309,0.8399292225839534,0.8593736851556759,0.0194444625717225,True,brier best_threshold tp fp fn tn f1 recall precision miss_rate false_alarm_rate accuracy loss_07 loss_08 loss_09
11b,mlp,rt1,integrated,2012,0.9868923611111111,0.9733321114369501,-0.013560249674161029,0.972640486672203,0.9603891298026573,-0.012251356869545704,True,brier best_threshold tp fp fn tn f1 recall precision miss_rate false_alarm_rate accuracy loss_07 loss_08 loss_09
11b,mlp,rt1,macro,2011,0.9004845967462789,0.9049565661727133,0.004471969426434352,0.8754563353644007,0.895706415083454,0.02025007971905335,True,brier best_threshold tp fp fn tn f1 recall precision miss_rate false_alarm_rate accuracy loss_07 loss_08 loss_09
11b,mlp,rt1,macro,2012,0.966579861111111,0.9281066715542521,-0.03847318955685897,0.9572222222222222,0.9384430141615426,-0.018779208060679564,True,brier best_threshold tp fp tn f1 recall precision miss_rate false_alarm_rate accuracy loss_07 loss_08 loss_09
11b,mlp,rt1,micro,2011,0.8639667705088266,0.8573071027082269,-0.006659667800599789,0.7261194870510016,0.7149660755981914,-0.011153411452810236,True,brier best_threshold tp fp fn tn f1 recall precision miss_rate false_alarm_rate accuracy loss_07 loss_08 loss_09
11b,mlp,rt1,micro,2012,0.8354166666666667,0.8169904692082112,-0.01842619745845553,0.6975459417417631,0.6865951120637999,-0.010950829677963236,True,brier best_threshold tp fp fn tn f1 recall precision miss_rate false_alarm_rate accuracy loss_07 loss_08 loss_09
11b,random_forest,baseline_t1,integrated,2010,0.4443870226815964,0.4428016332982087,-0.001585389383387703,0.2468378621761635,0.246382487392387,-0.00045537478377649654,True,brier best_threshold tp fp fn tn f1 recall precision miss_rate false_alarm_rate accuracy loss_07 loss_08 loss_09
11b,random_forest,baseline_t1,integrated,2011,0.8540729202722972,0.9338911599386817,0.07981823966638446,0.7802434818366568,0.8418179057558293,0.06157442391917245,True,brier best_threshold tp fp fn tn f1 recall precision miss_rate false_alarm_rate accuracy loss_07 loss_08 loss_09
11b,random_forest,baseline_t1,integrated,2012,0.8834852430555555,0.9436400293255133,0.06015478626995774,0.761722936406659,0.9313151591909449,0.16959222278428587,True,brier best_threshold fp fn tn f1 recall precision miss_rate false_alarm_rate accuracy loss_07 loss_08 loss_09
11b,random_forest,baseline_t1,macro,2010,0.3190353143841516,0.3833640674394099,0.06432875305525826,0.2375535185610079,0.2451768333518728,0.0076233147908648935,True,brier best_threshold tp fp fn tn f1 recall precision miss_rate false_alarm_rate accuracy loss_07 loss_08 loss_09
11b,random_forest,baseline_t1,macro,2011,0.9043498326987423,0.9272483392948391,0.022898506596096824,0.841903703263251,0.8278082544924147,-0.01409544877083635,True,brier best_threshold tp fp fn tn f1 recall precision miss_rate false_alarm_rate accuracy loss_07 loss_08 loss_09
11b,random_forest,baseline_t1,macro,2012,0.8782118055555556,0.9148185483870968,0.036606742831541195,0.7589688027805037,0.9112617954218154,0.1522929926413117,True,brier best_threshold tp fp tn f1 recall precision miss_rate false_alarm_rate accuracy loss_07 loss_08 loss_09
11b,random_forest,baseline_t1,micro,2010,0.4377835199540626,0.48840885142255,0.05062533146848741,0.235850350277496,0.2403246670389506,0.0044743167614546,True,brier best_threshold tp fp fn tn f1 recall precision miss_rate false_alarm_rate accuracy loss_07 loss_08 loss_09
11b,random_forest,baseline_t1,micro,2011,0.8650628821968386,0.9002938170669391,0.03523093487010054,0.7567191006704161,0.82601985730171,0.06930075663129387,True,brier best_threshold tp fp fn tn f1 recall precision miss_rate false_alarm_rate accuracy loss_07 loss_08 loss_09
11b,random_forest,baseline_t1,micro,2012,0.7567274305555556,0.7632423020527859,0.00651487149723029,0.5424920853683646,0.5509232764696661,0.008431191101301527,True,brier best_threshold tp fp fn tn f1 recall precision miss_rate false_alarm_rate accuracy loss_07 loss_08 loss_09
11b,random_forest,rt1,integrated,2011,0.9554632514134073,0.9828180889115994,0.02735483749819212,0.9139910179327346,0.9565527029399722,0.04256168500723756,True,brier best_threshold tp fp fn tn f1 recall precision miss_rate false_alarm_rate accuracy loss_07 loss_08 loss_09
11b,random_forest,rt1,integrated,2012,0.9873914930555555,0.9885676319648093,0.0011761389092538321,0.9667392553978355,0.9766629088253629,0.009923653427527435,True,brier best_threshold tp fp fn tn f1 recall precision miss_rate false_alarm_rate accuracy loss_07 loss_08 loss_09
11b,random_forest,rt1,macro,2011,0.9738663897542402,0.9691492079713848,-0.004717181782855406,0.9388052038929231,0.9015882285380342,-0.03721697535488888,True,brier best_threshold tp fp fn tn f1 recall precision miss_rate false_alarm_rate accuracy loss_07 loss_08 loss_09
11b,random_forest,rt1,macro,2012,0.990625,0.9797699780058651,-0.010855021994134906,0.9787904124860646,0.9545310701956271,-0.02425934229043747,True,brier best_threshold tp fp fn tn f1 recall precision miss_rate false_alarm_rate accuracy loss_07 loss_08 loss_09
11b,random_forest,rt1,micro,2011,0.927656628591208,0.9341147164026571,0.006458087811449076,0.8323864225654394,0.8593258821959922,0.026939459630552776,True,brier best_threshold tp fp fn tn f1 recall precision miss_rate false_alarm_rate accuracy loss_07 loss_08 loss_09
11b,random_forest,rt1,micro,2012,0.9195095486111112,0.9155745967741936,-0.003934951836917611,0.8145968368456354,0.8220273459757854,0.007430509130149976,True,brier best_threshold tp fp fn tn f1 recall precision miss_rate false_alarm_rate accuracy loss_07 loss_08 loss_09
11b,xgboost,baseline_t1,integrated,2010,0.5747344243468275,0.5887118018967333,0.0139773775499058,0.2839535913033378,0.289469193331567,0.005515602028229205,True,brier best_threshold tp fp fn tn f1 recall precision miss_rate false_alarm_rate accuracy loss_07 loss_08 loss_09
11b,xgboost,baseline_t1,integrated,2011,0.9290411907234337,0.798160449667859,-0.13088074105557468,0.8797706594367014,0.7988411032649944,-0.08092955617170705,True,brier best_threshold tp fp fn tn f1 recall precision miss_rate false_alarm_rate accuracy loss_07 loss_08 loss_09
11b,xgboost,baseline_t1,integrated,2012,0.6821614583333333,0.8657441348973607,0.18358267656402738,0.6600457117659673,0.7930242423513316,0.13297853058536435,True,brier best_threshold tp fp fn tn f1 recall precision miss_rate false_alarm_rate accuracy loss_07 loss_08 loss_09
11b,xgboost,baseline_t1,macro,2010,0.5628481194372669,0.5852871443624869,0.022439024925219986,0.3047723355744627,0.304210143746112,-0.000562191828350711,True,brier best_threshold tp fp fn tn f1 recall precision miss_rate false_alarm_rate accuracy loss_07 loss_08 loss_09
11b,xgboost,baseline_t1,macro,2011,0.9339448482750664,0.8900102197240674,-0.043934628550999055,0.820132504827765,0.7599960560767428,-0.0601364487510222,True,brier best_threshold tp fp fn tn f1 recall precision miss_rate false_alarm_rate accuracy loss_07 loss_08 loss_09
11b,xgboost,baseline_t1,macro,2012,0.9574652777777778,0.9407074780058651,-0.016757799771912718,0.910315604437545,0.933450493776539,0.02313488933899399,True,brier best_threshold tp fp fn tn f1 recall precision miss_rate false_alarm_rate accuracy loss_07 loss_08 loss_09
11b,xgboost,baseline_t1,micro,2010,0.4490956072351421,0.4866965226554267,0.0376009154202846,0.2510971738783456,0.2659162018944228,0.014819028016077151,True,brier best_threshold tp fp tn f1 recall precision miss_rate false_alarm_rate accuracy loss_07 loss_08 loss_09
11b,xgboost,baseline_t1,micro,2011,0.8061036113995615,0.8576903423607563,0.051586730961194704,0.6709433613536171,0.7658420617263364,0.0948987003727193,True,brier best_threshold tp fp fn tn f1 recall precision miss_rate false_alarm_rate accuracy loss_07 loss_08 loss_09
11b,xgboost,baseline_t1,micro,2012,0.7880208333333333,0.7916055718475073,0.0035847385141740684,0.571987091543687,0.5956264736984057,0.023639382154718724,True,brier best_threshold tp fp fn tn f1 recall precision miss_rate false_alarm_rate accuracy loss_07 loss_08 loss_09
11b,xgboost,rt1,integrated,2011,0.8503519095419407,0.8457460398569238,-0.004605869685016972,0.8015958864003307,0.8162870668927913,0.014691180492460543,True,brier best_threshold tp fp fn tn f1 recall precision miss_rate false_alarm_rate accuracy loss_07 loss_08 loss_09
11b,xgboost,rt1,integrated,2012,0.9670572916666667,0.9824963343108504,0.01543904264418372,0.8933303817937505,0.941990895552123,0.04866051375837255,True,brier best_threshold tp fp tn f1 precision false_alarm_rate accuracy loss_07 loss_08 loss_09
11b,xgboost,rt1,macro,2011,0.9025614399446175,0.8698901379662749,-0.03267130197834256,0.8428547699602458,0.8443633096250269,0.00150853966478115,True,brier best_threshold tp fp fn tn f1 recall precision miss_rate false_alarm_rate accuracy loss_07 loss_08 loss_09
11b,xgboost,rt1,macro,2012,0.9758680555555557,0.9695747800586509,-0.006293275496904727,0.9226655032982308,0.9283221096716441,0.005656606373413253,True,brier best_threshold tp fp tn f1 precision false_alarm_rate accuracy loss_07 loss_08 loss_09
11b,xgboost,rt1,micro,2011,0.8945425175954771,0.9024655084312723,0.007922990835795174,0.7754583537594555,0.8132795208228647,0.03782116706340921,True,brier best_threshold tp fp fn tn f1 recall precision miss_rate false_alarm_rate accuracy loss_07 loss_08 loss_09
11b,xgboost,rt1,micro,2012,0.8917968749999999,0.8970399560117301,0.005243081011730211,0.8053661797793132,0.8233073541277672,0.017941174348453992,True,brier best_threshold tp fp fn tn f1 recall precision miss_rate false_alarm_rate accuracy loss_07 loss_08 loss_09
11c,decision_tree,baseline_t1,integrated,2011,0.5416666666666665,0.6248813237488132,0.0832146570821467,0.2943722943722943,0.3721336654213366,0.0777613710490423,True,brier tp fp f1 precision accuracy
11c,decision_tree,baseline_t1,integrated,2012,0.407149950347567,0.4898813447593936,0.08273139441182659,0.2395323887854117,0.2616912278657968,0.0221588390803851,True,brier best_threshold tp fp fn tn f1 recall precision miss_rate false_alarm_rate accuracy loss_07 loss_08 loss_09
11c,decision_tree,baseline_t1,macro,2011,0.6705498027613412,0.5254306252543062,-0.14511917750703507,0.4438478188478189,0.2774097135740972,-0.16643810527372166,True,brier best_threshold tp fp fn tn f1 recall precision miss_rate false_alarm_rate accuracy loss_07 loss_08 loss_09
11c,decision_tree,baseline_t1,macro,2012,0.5888778550148959,0.5335530652603824,-0.05532478975451349,0.4455851888149929,0.2791286888061081,-0.16645650000888484,True,brier best_threshold tp fp fn tn f1 recall precision miss_rate false_alarm_rate accuracy loss_07 loss_08 loss_09
11c,decision_tree,baseline_t1,micro,2011,0.5495870315581853,0.5896175233961752,0.0400304918379899,0.3146272259304648,0.372739472760568,0.05811224683010319,True,brier best_threshold tp fp fn tn f1 recall precision miss_rate false_alarm_rate accuracy loss_07 loss_08 loss_09
11c,decision_tree,baseline_t1,micro,2012,0.7355076961271102,0.5585036255767963,-0.17700407055031386,0.4798254574133765,0.309283896048173,-0.1705415613652035,True,brier best_threshold tp fp fn tn f1 recall precision miss_rate false_alarm_rate accuracy loss_07 loss_08 loss_09
11c,decision_tree,rt1,integrated,2011,0.7574580867850098,0.6450562864505628,-0.11240180033444702,0.5369607561388383,0.4011118682299866,-0.1358488879088517,True,brier best_threshold tp fp fn tn f1 recall precision miss_rate false_alarm_rate accuracy loss_07 loss_08 loss_09
11c,decision_tree,rt1,integrated,2012,0.64849180734856,0.6278180619644034,-0.020673745384156672,0.5004020467836258,0.4285660134187483,-0.07183603336487748,True,brier best_threshold tp fn tn f1 recall precision miss_rate false_alarm_rate accuracy loss_07 loss_08 loss_09
11c,decision_tree,rt1,macro,2011,0.7574580867850098,0.6450562864505628,-0.11240180033444702,0.5369607561388383,0.4011118682299866,-0.1358488879088517,True,brier best_threshold tp fp fn tn f1 recall precision miss_rate false_alarm_rate accuracy loss_07 loss_08 loss_09
11c,decision_tree,rt1,macro,2012,0.64849180734856,0.5737640079103494,-0.07472779943821062,0.5004020467836258,0.3519519519519519,-0.14845009483167387,True,brier best_threshold tp fn tn f1 recall precision miss_rate false_alarm_rate accuracy loss_07 loss_08 loss_09
11c,decision_tree,rt1,micro,2011,0.6974235700197239,0.6680455716804558,-0.02937799833926813,0.4258631667020993,0.4187289111211196,-0.007134255580979687,True,brier best_threshold tp fp fn tn f1 recall precision miss_rate false_alarm_rate accuracy loss_07 loss_08 loss_09
11c,decision_tree,rt1,micro,2012,0.7192154915590864,0.6917270929466051,-0.027488398612481313,0.4394260385562408,0.41554924685767,-0.02387679169857082,True,brier best_threshold tp fp fn tn f1 recall precision miss_rate false_alarm_rate accuracy loss_07 loss_08 loss_09
11c,lightgbm,baseline_t1,integrated,2011,0.6025024654832346,0.7190424521904245,0.1165399867071899,0.3429276877373245,0.606649262718908,0.26372157498158344,True,brier best_threshold tp fp fn tn f1 recall precision miss_rate false_alarm_rate accuracy loss_07 loss_08 loss_09
11c,lightgbm,baseline_t1,integrated,2012,0.405598311817279,0.6008569545154911,0.19525864269821214,0.2226528483178546,0.3856048116962189,0.16295196337836432,True,brier best_threshold tp fp fn tn f1 recall precision miss_rate false_alarm_rate accuracy loss_07 loss_08 loss_09
11c,lightgbm,baseline_t1,macro,2011,0.6500246548323472,0.6051132510511326,-0.04491140378121461,0.4580542015055802,0.5325252103869882,0.07447100888140801,True,brier best_threshold tp fp fn tn f1 recall precision miss_rate false_alarm_rate accuracy loss_07 loss_08 loss_09
11c,lightgbm,baseline_t1,macro,2012,0.612214498510427,0.3963085036255768,-0.21590599488485018,0.5203240306666223,0.2331932827757315,-0.28713074789089077,True,brier best_threshold tp fp tn f1 precision false_alarm_rate accuracy loss_07 loss_08 loss_09
11c,lightgbm,baseline_t1,micro,2011,0.7006903353057199,0.6363081513630815,-0.0643821839426384,0.4307279282780703,0.3548391279690063,-0.07588880030906403,True,brier best_threshold tp fp fn tn f1 recall precision miss_rate false_alarm_rate accuracy loss_07 loss_08 loss_09
11c,lightgbm,baseline_t1,micro,2012,0.9181355511420058,0.8114040870138431,-0.1067314641281627,0.809475626622574,0.6381762090860722,-0.1712994175365018,True,brier best_threshold tp fp fn tn f1 recall precision miss_rate false_alarm_rate accuracy loss_07 loss_08 loss_09
11c,lightgbm,rt1,integrated,2011,0.8558925049309665,0.8619964736199647,0.006103968688998207,0.6011541322424246,0.6085468832638324,0.007392751021407795,True,brier best_threshold tp fp fn tn f1 recall precision miss_rate false_alarm_rate accuracy loss_07 loss_08 loss_09
11c,lightgbm,rt1,integrated,2012,0.8699726911618669,0.9149637442320369,0.04499105307016993,0.801251679952157,0.8663330521335971,0.06508137218144017,True,brier best_threshold tp fp fn tn f1 recall precision miss_rate false_alarm_rate accuracy loss_07 loss_08 loss_09
11c,lightgbm,rt1,macro,2011,0.860207100591716,0.8649125186491252,0.004705418057409205,0.6410391972944807,0.6440230114202716,0.0029838141257909623,True,brier best_threshold tp fp fn tn f1 recall precision miss_rate false_alarm_rate accuracy loss_07 loss_08 loss_09
11c,lightgbm,rt1,macro,2012,0.9258316782522343,0.8979564930784444,-0.02787518517378995,0.8508900302606504,0.8251342475480405,-0.02575578271260981,True,brier best_threshold tp fp tn f1 recall precision miss_rate false_alarm_rate accuracy loss_07 loss_08 loss_09
11c,lightgbm,rt1,micro,2011,0.7526503944773175,0.7723450427234504,0.019694648246132873,0.5489992462907045,0.5310756399433921,-0.017923606347312382,True,brier best_threshold tp fp fn tn f1 recall precision miss_rate false_alarm_rate accuracy loss_07 loss_08 loss_09
11c,lightgbm,rt1,micro,2012,0.9292452830188679,0.9181278839815425,-0.011117399037325337,0.8456660741609244,0.8406991016804538,-0.004966972480470622,True,brier best_threshold tp fp fn tn f1 recall precision miss_rate false_alarm_rate accuracy loss_07 loss_08 loss_09
11c,logistic_regression,baseline_t1,integrated,2011,0.7794625246548323,0.7930964329309643,0.013633908276131979,0.5977387012210563,0.6102011731328859,0.012462471911829587,True,brier best_threshold tp fp fn tn f1 recall precision miss_rate false_alarm_rate accuracy loss_07 loss_08 loss_09
11c,logistic_regression,baseline_t1,integrated,2012,0.986842105263158,0.9753460777851022,-0.011496027478055781,0.9787558617247354,0.9632676331942319,-0.015488228530503467,True,brier best_threshold tp fp fn tn f1 recall precision miss_rate false_alarm_rate accuracy loss_07 loss_08 loss_09
11c,logistic_regression,baseline_t1,macro,2011,0.8539201183431951,0.792960802929608,-0.06095931541358712,0.6937629898649245,0.643320754192613,-0.05044223567231143,True,brier best_threshold tp fp fn tn f1 recall precision miss_rate false_alarm_rate accuracy loss_07 loss_08 loss_09
11c,logistic_regression,baseline_t1,macro,2012,1.0,0.9640079103493737,-0.03599208965062628,0.9999999999999999,0.9552825552825553,-0.04471744471744454,True,brier best_threshold tp fp tn f1 precision false_alarm_rate accuracy loss_07 loss_08 loss_09
11c,logistic_regression,baseline_t1,micro,2011,0.9595660749506904,0.9310321443103214,-0.02853393064036891,0.9170373827973307,0.7788800177795817,-0.138157365017749,True,brier best_threshold tp fp fn tn f1 recall precision miss_rate false_alarm_rate accuracy loss_07 loss_08 loss_09
11c,logistic_regression,baseline_t1,micro,2012,0.9768495531281033,0.9747528015820699,-0.002096751546033393,0.9633826561032431,0.9663126210498599,0.002929964946616792,True,brier best_threshold tp fp fn tn f1 recall precision miss_rate false_alarm_rate accuracy loss_07 loss_08 loss_09
11c,logistic_regression,rt1,integrated,2011,0.931336291913215,0.939441204394412,0.008104912481197046,0.8124406047461814,0.8011553992825406,-0.011285205463640757,True,brier best_threshold tp fp fn tn f1 recall precision miss_rate false_alarm_rate accuracy loss_07 loss_08 loss_09
11c,logistic_regression,rt1,integrated,2012,0.9994414101290964,0.9999340804218853,0.0004926702927888771,0.9984668486452913,0.9998198198198197,0.0013529711745283723,True,brier best_threshold tp fp fn tn f1 recall precision miss_rate false_alarm_rate accuracy loss_07 loss_08 loss_09
11c,logistic_regression,rt1,macro,2011,0.9129684418145957,0.9229621592296215,0.00999371741502586,0.7833352407380477,0.7680184617514525,-0.015316778986595225,True,brier best_threshold tp fp fn tn f1 recall precision miss_rate false_alarm_rate accuracy loss_07 loss_08 loss_09
11c,logistic_regression,rt1,macro,2012,1.0,1.0,0.0,1.0,1.0,0.0,True,brier best_threshold tp fn tn f1 recall miss_rate accuracy loss_07 loss_08 loss_09
11c,logistic_regression,rt1,micro,2011,0.9998150887573966,0.9995931099959311,-0.0002219787614654578,0.9995251661918326,0.998849808116568,-0.0006753580752646426,True,brier best_threshold tp fp fn tn f1 recall precision miss_rate false_alarm_rate accuracy loss_07 loss_08 loss_09
11c,logistic_regression,rt1,micro,2012,1.0,1.0,0.0,1.0,0.9999999999999999,-1.1102230246251565e-16,True,brier best_threshold tp tn
11c,lr_no_dummies,baseline_t1,integrated,2011,0.5561513806706115,0.5866675708666758,0.03051619019606422,0.4826734055867906,0.4936550930904547,0.010981687503664073,True,brier best_threshold tp fp fn tn f1 recall precision miss_rate false_alarm_rate accuracy loss_07 loss_08 loss_09
11c,lr_no_dummies,baseline_t1,integrated,2012,0.6652184707050645,0.6526697429136453,-0.012548727791419134,0.5321521538011316,0.5228162059010089,-0.00933594790012271,True,brier best_threshold tp fp fn tn f1 recall precision miss_rate false_alarm_rate accuracy loss_07 loss_08 loss_09
11c,lr_no_dummies,baseline_t1,macro,2011,0.567862426035503,0.5654414756544148,-0.0024209503810881383,0.544683526256145,0.5314769604336461,-0.013206565822498906,True,brier best_threshold tp fp fn tn f1 recall precision miss_rate false_alarm_rate accuracy loss_07 loss_08 loss_09
11c,lr_no_dummies,baseline_t1,macro,2012,0.6612462760675273,0.6479894528675016,-0.013256823200025636,0.5576149444085485,0.5460969436169952,-0.011518000791553296,True,brier best_threshold tp fp fn tn f1 recall precision miss_rate false_alarm_rate accuracy loss_07 loss_08 loss_09
11c,lr_no_dummies,baseline_t1,micro,2011,0.4746671597633136,0.532076495320765,0.05740933555745137,0.2584385295637653,0.3051224687185053,0.046683939154740006,True,brier best_threshold tp fp fn tn f1 recall precision miss_rate false_alarm_rate accuracy loss_07 loss_08 loss_09
11c,lr_no_dummies,baseline_t1,micro,2012,0.493545183714002,0.5146341463414634,0.021088962627461405,0.2611566766274379,0.3128130546591195,0.051656378031681605,True,brier best_threshold tp fp fn tn f1 recall precision miss_rate false_alarm_rate accuracy loss_07 loss_08 loss_09
11c,mlp,baseline_t1,integrated,2011,0.4672090729783037,0.5439441204394412,0.07673504746113746,0.374267345731824,0.422124881407998,0.04785753567617396,True,brier best_threshold tp fp fn tn f1 recall precision miss_rate false_alarm_rate accuracy loss_07 loss_08 loss_09
11c,mlp,baseline_t1,integrated,2012,0.6111593843098311,0.5541858932102834,-0.056973491099547635,0.459985791374086,0.3803171557758163,-0.0796686355982697,True,brier best_threshold tp fp fn tn f1 recall precision miss_rate false_alarm_rate accuracy loss_07 loss_08 loss_09
11c,mlp,baseline_t1,macro,2011,0.6691937869822485,0.6666892716668926,-0.002504515315355893,0.5468453882612476,0.5303532497926476,-0.01649213846859998,True,brier best_threshold tp fp fn tn f1 recall precision miss_rate false_alarm_rate accuracy loss_07 loss_08 loss_09
11c,mlp,baseline_t1,macro,2012,0.6019116186693148,0.6317732366512854,0.029861617981970623,0.426348299913314,0.4775756316718034,0.05122733175848937,True,brier best_threshold tp fp fn tn f1 recall precision miss_rate false_alarm_rate accuracy loss_07 loss_08 loss_09
11c,mlp,baseline_t1,micro,2011,0.6680843195266272,0.6382747863827479,-0.02980953314387924,0.4306097970085688,0.3999231770572663,-0.030686619951302452,True,brier best_threshold tp fp fn tn f1 recall precision miss_rate false_alarm_rate accuracy loss_07 loss_08 loss_09
11c,mlp,baseline_t1,micro,2012,0.8815168818272096,0.7915622940013184,-0.08995458782589116,0.747440580817465,0.6045565034788749,-0.1428840773385901,True,brier best_threshold tp fp fn tn f1 recall precision miss_rate false_alarm_rate accuracy loss_07 loss_08 loss_09
11c,mlp,rt1,integrated,2011,0.8882519723865878,0.8848501288485012,-0.003401843538086591,0.68704495629267,0.6735587461324835,-0.013486210160186585,True,brier best_threshold tp fp fn tn f1 recall precision miss_rate false_alarm_rate accuracy loss_07 loss_08 loss_09
11c,mlp,rt1,integrated,2012,0.9910004965243296,0.9871456822676334,-0.003854814256696204,0.9736228572606664,0.9612722162402115,-0.012350641020454911,True,brier best_threshold tp fp fn tn f1 recall precision miss_rate false_alarm_rate accuracy loss_07 loss_08 loss_09
11c,mlp,rt1,macro,2011,0.8539817554240631,0.8659297436592975,0.011947988235234464,0.6436867217866924,0.6437025557010588,1.5833914366436552e-05,True,brier best_threshold tp fp fn tn f1 recall precision miss_rate false_alarm_rate accuracy loss_07 loss_08 loss_09
11c,mlp,rt1,macro,2012,0.9666087388282026,0.9675675675675676,0.0009588287393649253,0.9023550895327151,0.9033585000827955,0.0010034105500803525,True,brier best_threshold tp fp fn tn f1 recall precision miss_rate false_alarm_rate accuracy loss_07 loss_08 loss_09
11c,mlp,rt1,micro,2011,0.7379191321499013,0.7625796826257968,0.024660550475895437,0.5600380535516389,0.5058292037072467,-0.054208849844392226,True,brier best_threshold tp fp fn tn f1 recall precision miss_rate false_alarm_rate accuracy loss_07 loss_08 loss_09
11c,mlp,rt1,micro,2012,0.8853028798411122,0.8829268292682926,-0.0023760505728196435,0.7478575927274363,0.7743920644050165,0.026534471677580163,True,brier best_threshold tp fp fn tn f1 recall precision miss_rate false_alarm_rate accuracy loss_07 loss_08 loss_09
11c,random_forest,baseline_t1,integrated,2011,0.8539201183431953,0.8727790587277905,0.018858940384595235,0.6887540406412271,0.7542123066445127,0.06545826600328553,True,brier best_threshold tp fp fn tn f1 recall precision miss_rate false_alarm_rate accuracy loss_07 loss_08 loss_09
11c,random_forest,baseline_t1,integrated,2012,0.7448485600794439,0.8659854976928147,0.12113693761337085,0.5376724461017212,0.8406151903919872,0.302942744290266,True,brier best_threshold tp fp fn tn f1 recall precision miss_rate false_alarm_rate accuracy loss_07 loss_08 loss_09
11c,random_forest,baseline_t1,macro,2011,0.7267011834319527,0.862979791129798,0.13627860769784528,0.4850774128942117,0.661654877183151,0.17657746428893928,True,brier best_threshold tp fp fn tn f1 recall precision miss_rate false_alarm_rate accuracy loss_07 loss_08 loss_09
11c,random_forest,baseline_t1,macro,2012,0.6886792452830188,0.84726433750824,0.1585850922252212,0.52752888187505,0.8246532433284154,0.2971243614533654,True,brier best_threshold tp fp fn tn f1 recall precision miss_rate false_alarm_rate accuracy loss_07 loss_08 loss_09
11c,random_forest,baseline_t1,micro,2011,0.7090113412228797,0.6749627017496271,-0.03404863947325254,0.4156734944347226,0.3778035658232489,-0.0378699286114737,True,brier best_threshold tp fp fn tn f1 recall precision miss_rate false_alarm_rate accuracy loss_07 loss_08 loss_09
11c,random_forest,baseline_t1,micro,2012,0.9218594836146972,0.8990112063282795,-0.022848277286417695,0.84604642228385,0.8003206888510387,-0.04572573343281128,True,brier best_threshold tp fp fn tn f1 recall precision miss_rate false_alarm_rate accuracy loss_07 loss_08 loss_09
11c,random_forest,rt1,integrated,2011,0.8696067554240631,0.8840363488403635,0.014429593416300457,0.6218869474882049,0.6311542030422767,0.009267255554071707,True,brier best_threshold tp fp fn tn f1 recall precision miss_rate false_alarm_rate accuracy loss_07 loss_08 loss_09
11c,random_forest,rt1,integrated,2012,0.9629779046673288,0.9694462755438366,0.006468370876507756,0.9087927363187803,0.9166319878962951,0.00783925157751475,True,brier best_threshold tp fp fn tn f1 recall precision miss_rate false_alarm_rate accuracy loss_07 loss_08 loss_09
11c,random_forest,rt1,macro,2011,0.856108234714004,0.8737962837379628,0.01768804902395882,0.6452915551233473,0.5962496283087338,-0.0490419268146135,True,brier best_threshold tp fp fn tn f1 recall precision miss_rate false_alarm_rate accuracy loss_07 loss_08 loss_09
11c,random_forest,rt1,macro,2012,0.9312313803376365,0.9239288068556362,-0.007302573482000363,0.8366487258141814,0.8142499175132161,-0.0223988083009653,True,brier best_threshold tp fp fn tn f1 recall precision miss_rate false_alarm_rate accuracy loss_07 loss_08 loss_09
11c,random_forest,rt1,micro,2011,0.7879376232741617,0.8072697680726976,0.019332144798535844,0.5935964937156514,0.6137441257028763,0.020147631987224912,True,brier best_threshold tp fp fn tn f1 recall precision miss_rate false_alarm_rate accuracy loss_07 loss_08 loss_09
11c,random_forest,rt1,micro,2012,0.9478339126117179,0.9475939353988134,-0.00023997721290447416,0.8801840490609047,0.8834886022393655,0.0033045531784607896,True,brier best_threshold tp fp fn tn f1 recall precision miss_rate false_alarm_rate accuracy loss_07 loss_08 loss_09
11c,xgboost,baseline_t1,integrated,2011,0.7998027613412229,0.724671097246711,-0.07513166409451189,0.6031151009573895,0.5584849463608448,-0.044630154596544735,True,brier best_threshold tp fp fn tn f1 recall precision miss_rate false_alarm_rate accuracy loss_07 loss_08 loss_09
11c,xgboost,baseline_t1,integrated,2012,0.6782522343594836,0.5022412656558999,-0.17601096870358368,0.5759304393888974,0.2420414024089038,-0.3338890369799936,True,brier best_threshold tp fp fn tn f1 recall precision miss_rate false_alarm_rate accuracy loss_07 loss_08 loss_09
11c,xgboost,baseline_t1,macro,2011,0.6433062130177515,0.7587142275871422,0.11540801456939076,0.4980155921731717,0.7763444043657302,0.27832881219255845,True,brier best_threshold tp fp fn tn f1 recall precision miss_rate false_alarm_rate accuracy loss_07 loss_08 loss_09
11c,xgboost,baseline_t1,macro,2012,0.6087388282025818,0.3729729729729729,-0.23576585522960897,0.5196008707243475,0.2322469514257429,-0.28735391929860454,True,brier best_threshold tp fp fn tn f1 recall precision miss_rate false_alarm_rate accuracy loss_07 loss_08 loss_09
11c,xgboost,baseline_t1,micro,2011,0.7060527613412229,0.6205072562050725,-0.08554550513615033,0.4194336809247446,0.3336201127624612,-0.08581356816228342,True,brier best_threshold tp fp fn tn f1 recall precision miss_rate false_alarm_rate accuracy loss_07 loss_08 loss_09
11c,xgboost,baseline_t1,micro,2012,0.89746772591857,0.8362557679630851,-0.06121195795548495,0.7843406386904271,0.668150834007762,-0.11618980468266515,True,brier best_threshold tp fp fn tn f1 recall precision miss_rate false_alarm_rate accuracy loss_07 loss_08 loss_09
11c,xgboost,rt1,integrated,2011,0.8120069033530573,0.8742709887427098,0.06226408538965256,0.5828839286636045,0.6658020040459478,0.0829180753823433,True,brier best_threshold tp fp fn tn f1 recall precision miss_rate false_alarm_rate accuracy loss_07 loss_08 loss_09
11c,xgboost,rt1,integrated,2012,0.9181976166832174,0.8508899143045485,-0.0673077023786689,0.7561643940420532,0.7207456135882104,-0.035418780453842724,True,brier best_threshold tp fp fn tn f1 recall precision miss_rate false_alarm_rate accuracy loss_07 loss_08 loss_09
11c,xgboost,rt1,macro,2011,0.7932075936883629,0.8795605587956055,0.08635296510724255,0.5868820341346511,0.7211283160599987,0.1342462819253476,True,brier best_threshold tp fp fn tn f1 recall precision miss_rate false_alarm_rate accuracy loss_07 loss_08 loss_09
11c,xgboost,rt1,macro,2012,0.9187562065541212,0.8439024390243903,-0.07485376752973083,0.8147313389244605,0.7614347523343521,-0.053296586590108386,True,brier best_threshold tp fp fn tn f1 recall precision miss_rate false_alarm_rate accuracy loss_07 loss_08 loss_09
11c,xgboost,rt1,micro,2011,0.7697855029585798,0.75952800759528,-0.010257495363299785,0.5836978164601021,0.4699894538624283,-0.1137083625976738,True,brier best_threshold tp fp fn tn f1 recall precision miss_rate false_alarm_rate accuracy loss_07 loss_08 loss_09
11c,xgboost,rt1,micro,2012,0.9193768619662364,0.9216875411997364,0.002310679233500035,0.8147249567030314,0.8514082538391188,0.03668329713608742,True,brier best_threshold tp fp fn tn f1 recall precision miss_rate false_alarm_rate accuracy loss_07 loss_08 loss_09
11d,decision_tree,baseline_t1,integrated,2011,0.6682692307692307,0.7681066051810661,0.09983737441183538,0.4310983134512546,0.5145138656866021,0.08341555223534747,True,brier best_threshold tp fp fn tn f1 recall precision miss_rate false_alarm_rate accuracy loss_07 loss_08 loss_09
11d,decision_tree,baseline_t1,integrated,2012,0.8900508937437935,0.6490771259063942,-0.24097376783739932,0.6793825003153744,0.4600510699013838,-0.2193314304139906,True,brier best_threshold tp fp fn tn f1 recall precision miss_rate false_alarm_rate accuracy loss_07 loss_08 loss_09
11d,decision_tree,baseline_t1,macro,2011,0.8469859467455622,0.5338396853383968,-0.3131462614071654,0.684560626481457,0.2861685346616853,-0.3983920918197717,True,brier best_threshold tp fp fn tn f1 recall precision miss_rate false_alarm_rate accuracy loss_07 loss_08 loss_09
11d,decision_tree,baseline_t1,macro,2012,0.5298535253227408,0.6490771259063942,0.11922360058365344,0.3286028017430836,0.4600510699013838,0.13144826815830019,True,brier best_threshold tp fp fn tn f1 recall precision miss_rate false_alarm_rate accuracy loss_07 loss_08 loss_09
11d,decision_tree,baseline_t1,micro,2011,0.603211291913215,0.598535195985352,-0.004676095927863,0.333491806696126,0.3349094068142801,0.0014176001181541165,True,brier best_threshold tp fp fn tn f1 recall precision miss_rate false_alarm_rate accuracy loss_07 loss_08 loss_09
11d,decision_tree,baseline_t1,micro,2012,0.6449540714995035,0.6009558338826632,-0.0439982376168403,0.3978412236546152,0.3225822327814269,-0.07525899087318833,True,brier best_threshold tp fp fn tn f1 recall precision miss_rate false_alarm_rate accuracy loss_07 loss_08 loss_09
11d,decision_tree,rt1,integrated,2011,0.7574580867850098,0.6240336362403364,-0.13342445054467345,0.5369607561388383,0.3355099748492174,-0.2014507812896209,True,brier best_threshold tp fp fn tn f1 recall precision miss_rate false_alarm_rate accuracy loss_07 loss_08 loss_09
11d,decision_tree,rt1,integrated,2012,0.6281963753723931,0.5332234673698089,-0.09497290800258429,0.4357477640178879,0.2977816526203623,-0.13796611139752557,True,brier best_threshold tp fp fn tn f1 recall precision miss_rate false_alarm_rate accuracy loss_07 loss_08 loss_09
11d,decision_tree,rt1,macro,2011,0.7435897435897436,0.5268208327682083,-0.21676891082153527,0.4887713912104156,0.2900809464508095,-0.19869044475960607,True,brier best_threshold tp fp fn tn f1 recall precision miss_rate false_alarm_rate accuracy loss_07 loss_08 loss_09
11d,decision_tree,rt1,macro,2012,0.5696065044687191,0.5872775214238629,0.017671016955143837,0.3321577927376581,0.3708566251260748,0.038698832388416704,True,brier tp fp f1 precision accuracy
11d,decision_tree,rt1,micro,2011,0.6614583333333333,0.6434287264342873,-0.01802960689904598,0.4324877503932134,0.4327279895672141,0.00024023917400067818,True,brier best_threshold tp fp fn tn f1 recall precision miss_rate false_alarm_rate accuracy loss_07 loss_08 loss_09
11d,decision_tree,rt1,micro,2012,0.7363766137040715,0.6911997363216875,-0.04517687738238396,0.4715541246487754,0.4839544557427733,0.012400331093997907,True,brier best_threshold tp fp fn tn f1 recall precision miss_rate false_alarm_rate accuracy loss_07 loss_08 loss_09
11d,lightgbm,baseline_t1,integrated,2011,0.8229166666666667,0.7473891224738912,-0.07552754419277552,0.6769281631657094,0.6929436624292049,0.016015499263495547,True,brier best_threshold tp fp fn tn f1 recall precision miss_rate false_alarm_rate accuracy loss_07 loss_08 loss_09
11d,lightgbm,baseline_t1,integrated,2012,0.7743296921549156,0.3553065260382333,-0.41902316611668233,0.7031536302965146,0.2036592605529378,-0.49949436974357675,True,brier best_threshold tp fp fn tn f1 recall precision miss_rate false_alarm_rate accuracy loss_07 loss_08 loss_09
11d,lightgbm,baseline_t1,macro,2011,0.8977440828402368,0.8285636782856368,-0.06918040455459995,0.7817348631737864,0.7963907405772153,0.014655877403428885,True,brier best_threshold tp fp fn tn f1 recall precision miss_rate false_alarm_rate accuracy loss_07 loss_08 loss_09
11d,lightgbm,baseline_t1,macro,2012,0.74019364448858,0.4384970336189848,-0.30169661086959526,0.611537684683816,0.2505148264278035,-0.3610228582560125,True,brier best_threshold tp fp fn tn f1 recall precision miss_rate false_alarm_rate accuracy loss_07 loss_08 loss_09
11d,lightgbm,baseline_t1,micro,2011,0.6283900394477318,0.6491251864912518,0.020735147043520086,0.3447602433998816,0.3495923861948741,0.0048321427949925,True,brier best_threshold tp fp fn tn f1 recall precision miss_rate false_alarm_rate accuracy loss_07 loss_08 loss_09
11d,lightgbm,baseline_t1,micro,2012,0.8556355511420058,0.7324324324324324,-0.12320311870957346,0.725957315713084,0.5101878386600538,-0.21576947705303018,True,brier best_threshold tp fp fn tn f1 recall precision miss_rate false_alarm_rate accuracy loss_07 loss_08 loss_09
11d,lightgbm,rt1,integrated,2011,0.7950567061143985,0.7819069578190696,-0.013149748295328889,0.5003336945688157,0.4447706998701381,-0.05556299469867759,True,brier best_threshold tp fp fn tn f1 recall precision miss_rate false_alarm_rate accuracy loss_07 loss_08 loss_09
11d,lightgbm,rt1,integrated,2012,0.9423411122144985,0.9253131179960448,-0.01702799421845369,0.8926346440810647,0.8590677454943888,-0.03356689858667594,True,brier best_threshold tp fp fn tn f1 recall precision miss_rate false_alarm_rate accuracy loss_07 loss_08 loss_09
11d,lightgbm,rt1,macro,2011,0.8194033530571992,0.6540756815407569,-0.16532767151644234,0.5770523990948486,0.5234559210379109,-0.05359647805693768,True,brier best_threshold tp fp fn tn f1 recall precision miss_rate false_alarm_rate accuracy loss_07 loss_08 loss_09
11d,lightgbm,rt1,macro,2012,0.8992676266137041,0.9383651944627555,0.039097567849051384,0.8772326842451752,0.8885843321174223,0.011351647872247073,True,brier best_threshold tp fp fn tn f1 recall precision miss_rate false_alarm_rate accuracy loss_07 loss_08 loss_09
11d,lightgbm,rt1,micro,2011,0.7655941814595661,0.8081513630815136,0.04255718162194744,0.519562560618848,0.5697002654708824,0.05013770485203439,True,brier best_threshold tp fp fn tn f1 recall precision miss_rate false_alarm_rate accuracy loss_07 loss_08 loss_09
11d,lightgbm,rt1,micro,2012,0.9326588877855014,0.9295978905735004,-0.0030609972120010376,0.8301869213866994,0.8541365378179889,0.023949616431289567,True,brier best_threshold tp fp fn tn f1 recall precision miss_rate false_alarm_rate accuracy loss_07 loss_08 loss_09
11d,logistic_regression,baseline_t1,integrated,2011,0.8022682445759368,0.8021836430218364,-8.460155410039416e-05,0.5980486172476084,0.6504779296686803,0.05242931242107196,True,brier best_threshold tp fn tn f1 recall precision miss_rate false_alarm_rate accuracy loss_07 loss_08 loss_09
11d,logistic_regression,baseline_t1,integrated,2012,0.9427135054617676,0.9625576796308503,0.019844174169082685,0.927731539750889,0.9468297725106806,0.01909823275979161,True,brier best_threshold tp fp fn tn f1 recall precision miss_rate false_alarm_rate accuracy loss_07 loss_08 loss_09
11d,logistic_regression,baseline_t1,macro,2011,0.8072608481262327,0.7981825579818256,-0.009078290144407086,0.6501835398893889,0.6747161247155145,0.024532584826125525,True,brier best_threshold tp fn tn f1 recall precision miss_rate false_alarm_rate accuracy loss_07 loss_08 loss_09
11d,logistic_regression,baseline_t1,macro,2012,0.9605263157894737,0.992089650626236,0.031563334836762325,0.9540196645459802,0.9827487061529615,0.02872904160698131,True,brier best_threshold tp fp fn tn f1 recall precision miss_rate false_alarm_rate accuracy loss_07 loss_08 loss_09
11d,logistic_regression,baseline_t1,micro,2011,0.9394107495069033,0.9384239793842398,-0.0009867701226634606,0.9080597280170966,0.9057918487958345,-0.002267879221262037,True,brier best_threshold tp fp fn tn f1 recall precision miss_rate false_alarm_rate accuracy loss_07 loss_08 loss_09
11d,logistic_regression,baseline_t1,micro,2012,0.9978897715988083,0.9772577455504284,-0.02063202604837988,0.9949258282621657,0.9759569582976599,-0.018968869964505752,True,brier best_threshold tp fp fn tn f1 recall precision miss_rate false_alarm_rate accuracy loss_07 loss_08 loss_09
11d,logistic_regression,rt1,integrated,2011,0.9890285996055227,0.9959989149599892,0.006970315354466461,0.9719012108443081,0.9888700720073745,0.016968861163066395,True,brier best_threshold tp fp fn tn f1 recall precision miss_rate false_alarm_rate accuracy loss_07 loss_08 loss_09
11d,logistic_regression,rt1,integrated,2012,0.9985104270109235,0.9996044825313117,0.0010940555203882152,0.9965637604453393,0.9989620992871077,0.0023983388417683216,True,brier best_threshold tp fp fn tn f1 recall precision miss_rate false_alarm_rate accuracy loss_07 loss_08 loss_09
11d,logistic_regression,rt1,macro,2011,0.9861932938856016,1.0,0.013806706114398382,0.9602877757138129,0.9999999999999999,0.03971222428618704,True,brier best_threshold tp fp fn tn f1 recall precision miss_rate false_alarm_rate accuracy loss_07 loss_08 loss_09
11d,logistic_regression,rt1,macro,2012,1.0,1.0,0.0,1.0,1.0,0.0,True,brier best_threshold tp fn tn f1 recall miss_rate accuracy loss_07 loss_08 loss_09
11d,logistic_regression,rt1,micro,2011,1.0,1.0,0.0,0.9999999999999998,1.0,2.220446049250313e-16,True,brier best_threshold tp fp fn tn f1 recall precision miss_rate false_alarm_rate accuracy loss_07 loss_08 loss_09
11d,logistic_regression,rt1,micro,2012,1.0,1.0,0.0,1.0,0.9999999999999999,-1.1102230246251565e-16,True,brier best_threshold tp tn
11d,lr_no_dummies,baseline_t1,integrated,2011,0.7162228796844181,0.7230435372304354,0.006820657546017239,0.5807787682044733,0.617347560495109,0.0365687922906357,True,brier best_threshold tp fp fn tn f1 recall precision miss_rate false_alarm_rate accuracy loss_07 loss_08 loss_09
11d,lr_no_dummies,baseline_t1,integrated,2012,0.7251737835153922,0.7812788398154251,0.05610505630003293,0.6520927689068325,0.7019459926433891,0.04985322373655654,True,brier best_threshold tp fp fn tn f1 recall precision miss_rate false_alarm_rate accuracy loss_07 loss_08 loss_09
11d,lr_no_dummies,baseline_t1,macro,2011,0.7536982248520709,0.7479316424793164,-0.005766582372754514,0.6770819215233559,0.6868285135706576,0.009746592047301661,True,brier best_threshold tp fp fn tn f1 recall precision miss_rate false_alarm_rate accuracy loss_07 loss_08 loss_09
11d,lr_no_dummies,baseline_t1,macro,2012,0.7369662363455809,0.7607119314436388,0.023745695098057906,0.7104503988803169,0.7096931836801963,-0.00075721520012062,True,brier best_threshold tp fp fn tn f1 recall precision miss_rate false_alarm_rate accuracy loss_07 loss_08 loss_09
11d,lr_no_dummies,baseline_t1,micro,2011,0.4996301775147929,0.4766038247660382,-0.023026352748754697,0.2827279681719922,0.2705605110434294,-0.01216745712856282,True,brier best_threshold tp fp fn tn f1 recall precision miss_rate false_alarm_rate accuracy loss_07 loss_08 loss_09
11d,lr_no_dummies,baseline_t1,micro,2012,0.6336891757696127,0.563085036255768,-0.0706041395138447,0.380065570601166,0.3394996868532376,-0.04056588374792841,True,brier best_threshold tp fp fn tn f1 recall precision miss_rate false_alarm_rate accuracy loss_07 loss_08 loss_09
11d,mlp,baseline_t1,integrated,2011,0.6327046351084813,0.7171436321714363,0.08443899706295499,0.4270166693151398,0.6079599132029918,0.180943243887852,True,brier best_threshold tp fp fn tn f1 recall precision miss_rate false_alarm_rate accuracy loss_07 loss_08 loss_09
11d,mlp,baseline_t1,integrated,2012,0.7041335650446872,0.7116677653263018,0.007534200281614667,0.6638910969737113,0.6547995894191753,-0.009091507554536027,True,brier best_threshold tp fp fn tn f1 recall precision miss_rate false_alarm_rate accuracy loss_07 loss_08 loss_09
11d,mlp,baseline_t1,macro,2011,0.6802884615384615,0.7627831276278312,0.08249466608936973,0.556932986261258,0.7014983273382255,0.1445653410769675,True,brier best_threshold tp fp fn tn f1 recall precision miss_rate false_alarm_rate accuracy loss_07 loss_08 loss_09
11d,mlp,baseline_t1,macro,2012,0.6551638530287984,0.754515491100857,0.0993516380720586,0.6751563385083378,0.7118105928746662,0.03665425436632841,True,brier best_threshold tp fp fn tn f1 recall precision miss_rate false_alarm_rate accuracy loss_07 loss_08 loss_09
11d,mlp,baseline_t1,micro,2011,0.5718071992110454,0.5817170758171708,0.009909876606125412,0.3311219272119376,0.3510063608130838,0.019884433601146168,True,brier best_threshold tp fp fn tn f1 recall precision miss_rate false_alarm_rate accuracy loss_07 loss_08 loss_09
11d,mlp,baseline_t1,micro,2012,0.8427259185700099,0.8421885299934081,-0.0005373885766017938,0.7294329838241917,0.7234487176275173,-0.00598426619667447,True,brier best_threshold tp fp fn tn f1 recall precision miss_rate false_alarm_rate accuracy loss_07 loss_08 loss_09
11d,mlp,rt1,integrated,2011,0.8999013806706114,0.9410687644106877,0.041167383740076224,0.7874241359159571,0.8516284276564378,0.0642042917404807,True,brier best_threshold tp fp fn tn f1 recall precision miss_rate false_alarm_rate accuracy loss_07 loss_08 loss_09
11d,mlp,rt1,integrated,2012,0.9793321747765641,0.9789716545814107,-0.00036052019515342426,0.9466416745342505,0.9401775340259695,-0.0064641405082810355,True,brier best_threshold tp fp fn tn f1 recall precision miss_rate false_alarm_rate accuracy loss_07 loss_08 loss_09
11d,mlp,rt1,macro,2011,0.8330867850098619,0.898277498982775,0.0651907139729131,0.6818336516065937,0.8193059908128401,0.13747233920624635,True,brier best_threshold tp fp fn tn f1 recall precision miss_rate false_alarm_rate accuracy loss_07 loss_08 loss_09
11d,mlp,rt1,macro,2012,0.9134185700099304,0.9543177323665128,0.04089916235658242,0.9143481100461327,0.9098360931702931,-0.004512016875839575,True,brier best_threshold tp fp tn f1 recall precision miss_rate false_alarm_rate accuracy loss_07 loss_08 loss_09
11d,mlp,rt1,micro,2011,0.6801035502958579,0.701207107012071,0.021103556716213112,0.4912882333185975,0.5473072497842297,0.05601901646563223,True,brier best_threshold tp fp fn tn f1 recall precision miss_rate false_alarm_rate accuracy loss_07 loss_08 loss_09
11d,mlp,rt1,micro,2012,0.8969091360476664,0.8664469347396176,-0.030462201308048775,0.7670376774521759,0.7272493720053006,-0.03978830544687528,True,brier best_threshold tp fp fn tn f1 recall precision miss_rate false_alarm_rate accuracy loss_07 loss_08 loss_09
11d,random_forest,baseline_t1,integrated,2011,0.903784516765286,0.8676251186762511,-0.0361593980890349,0.7119822934540739,0.6056165947110156,-0.10636569874305835,True,brier best_threshold tp fp fn tn f1 recall precision miss_rate false_alarm_rate accuracy loss_07 loss_08 loss_09
11d,random_forest,baseline_t1,integrated,2012,0.823733862959285,0.8649637442320369,0.041229881272751956,0.7978303846270745,0.864486335985386,0.0666559513583116,True,brier best_threshold tp fp fn tn f1 recall precision miss_rate false_alarm_rate accuracy loss_07 loss_08 loss_09
11d,random_forest,baseline_t1,macro,2011,0.9299802761341224,0.8754916587549166,-0.05448861737920574,0.8046186894182048,0.6751339628132453,-0.12948472660495947,True,brier best_threshold tp fp fn tn f1 recall precision miss_rate false_alarm_rate accuracy loss_07 loss_08 loss_09
11d,random_forest,baseline_t1,macro,2012,0.8354021847070506,0.8789716545814107,0.043569469874360056,0.8307717992902902,0.8893451143451143,0.058573315054824104,True,brier best_threshold tp fp fn tn f1 recall precision miss_rate false_alarm_rate accuracy loss_07 loss_08 loss_09
11d,random_forest,baseline_t1,micro,2011,0.6304240631163708,0.6277295537772956,-0.002694509339075224,0.3239057636841445,0.3199642699996096,-0.003941493684534891,True,brier best_threshold tp fp fn tn f1 recall precision miss_rate false_alarm_rate accuracy loss_07 loss_08 loss_09
11d,random_forest,baseline_t1,micro,2012,0.8802135054617677,0.8599208965062625,-0.02029260895550522,0.7798440599238586,0.726616137556284,-0.053227922367574676,True,brier best_threshold tp fp fn tn f1 recall precision miss_rate false_alarm_rate accuracy loss_07 loss_08 loss_09
11d,random_forest,rt1,integrated,2011,0.9446807199211046,0.9423911569239115,-0.002289562997193073,0.7969423793655658,0.7209154437243793,-0.07602693564118645,True,brier best_threshold tp fp fn tn f1 recall precision miss_rate false_alarm_rate accuracy loss_07 loss_08 loss_09
11d,random_forest,rt1,integrated,2012,0.9706429990069513,0.9848384970336189,0.014195498026667641,0.9292484673170424,0.9639538429883553,0.03470537567131293,True,brier best_threshold fp fn tn f1 recall precision miss_rate false_alarm_rate accuracy loss_07 loss_08 loss_09
11d,random_forest,rt1,macro,2011,0.9630177514792901,0.9444595144445951,-0.018558237034695058,0.8990232960809839,0.8089708632018089,-0.09005243287917497,True,brier best_threshold tp fp fn tn f1 recall precision miss_rate false_alarm_rate accuracy loss_07 loss_08 loss_09
11d,random_forest,rt1,macro,2012,0.9787735849056604,0.9805537244561635,0.001780139550503157,0.9559053375142476,0.9444063265755953,-0.011499010938652243,True,brier best_threshold tp fp fn tn f1 recall precision miss_rate false_alarm_rate accuracy loss_07 loss_08 loss_09
11d,random_forest,rt1,micro,2011,0.7613412228796844,0.788010307880103,0.026669085000418535,0.5166111178021945,0.5335600361116992,0.016948918309504735,True,brier best_threshold tp fp fn tn f1 recall precision miss_rate false_alarm_rate accuracy loss_07 loss_08 loss_09
11d,random_forest,rt1,micro,2012,0.9547852532274083,0.9463414634146341,-0.00844378981277416,0.9010498034877561,0.8935940220623008,-0.007455781425455332,True,brier best_threshold tp fp fn tn f1 recall precision miss_rate false_alarm_rate accuracy loss_07 loss_08 loss_09
11d,xgboost,baseline_t1,integrated,2011,0.8766642011834319,0.8503322935033228,-0.026331907680109068,0.8083648134644296,0.7937531878289006,-0.01461162563552898,True,brier best_threshold tp fp fn tn f1 recall precision miss_rate false_alarm_rate accuracy loss_07 loss_08 loss_09
11d,xgboost,baseline_t1,integrated,2012,0.774267626613704,0.760646011865524,-0.013621614748179911,0.7507000228687252,0.7592135444136476,0.008513521544922464,True,brier best_threshold tp fp fn tn f1 recall precision miss_rate false_alarm_rate accuracy loss_07 loss_08 loss_09
11d,xgboost,baseline_t1,macro,2011,0.904955621301775,0.8827478638274787,-0.022207757474296264,0.8519261619757058,0.8397875130092629,-0.0121386489664429,True,brier best_threshold tp fp fn tn f1 recall precision miss_rate false_alarm_rate accuracy loss_07 loss_08 loss_09
11d,xgboost,baseline_t1,macro,2012,0.7746400198609732,0.749439683586025,-0.02520033627494822,0.7295604315810872,0.7518657172589973,0.022305285677910125,True,brier best_threshold tp fp fn tn f1 recall precision miss_rate false_alarm_rate accuracy loss_07 loss_08 loss_09
11d,xgboost,baseline_t1,micro,2011,0.6394230769230769,0.6346127763461278,-0.004810300576949089,0.3411559217714338,0.3241028429418851,-0.01705307882954865,True,brier best_threshold tp fp fn tn f1 recall precision miss_rate false_alarm_rate accuracy loss_07 loss_08 loss_09
11d,xgboost,baseline_t1,micro,2012,0.8429121151936445,0.8147000659195781,-0.028212049274066398,0.6793463196653591,0.596093064963054,-0.08325325470230505,True,brier best_threshold tp fp fn tn f1 recall precision miss_rate false_alarm_rate accuracy loss_07 loss_08 loss_09
11d,xgboost,rt1,integrated,2011,0.8678500986193294,0.8891902888919029,0.0213401902725735,0.65753455608762,0.7152836601140058,0.05774910402638578,True,brier best_threshold tp fp fn tn f1 recall precision miss_rate false_alarm_rate accuracy loss_07 loss_08 loss_09
11d,xgboost,rt1,integrated,2012,0.9293694141012911,0.9211601845748187,-0.008209229526472406,0.8092560768013526,0.8101123721613616,0.000856295360008974,True,brier best_threshold tp fp fn tn f1 recall precision miss_rate false_alarm_rate accuracy loss_07 loss_08 loss_09
11d,xgboost,rt1,macro,2011,0.8570019723865878,0.8902075139020751,0.03320554151548727,0.6431627440170158,0.7409983729374119,0.0978356289203961,True,brier best_threshold tp fp fn tn f1 recall precision miss_rate false_alarm_rate accuracy loss_07 loss_08 loss_09
11d,xgboost,rt1,macro,2012,0.9348311817279046,0.9067897165458141,-0.028041465182090497,0.8325098414356137,0.7885066277128869,-0.04400321372272675,True,brier best_threshold tp fp fn tn f1 recall precision miss_rate false_alarm_rate accuracy loss_07 loss_08 loss_09
11d,xgboost,rt1,micro,2011,0.7916666666666666,0.8099145530991455,0.018247886432478877,0.535782858077925,0.5729391489876456,0.03715629090972061,True,brier best_threshold tp fp fn tn f1 recall precision miss_rate false_alarm_rate accuracy loss_07 loss_08 loss_09
11d,xgboost,rt1,micro,2012,0.9268867924528302,0.9449571522742254,0.018070359821395154,0.853542799230224,0.8859630657788383,0.032420266548614296,True,brier best_threshold tp fp fn tn f1 recall precision miss_rate false_alarm_rate accuracy loss_07 loss_08 loss_09
12a,decision_tree,macro_standalone,macro,2008,0.5,0.5,0.0,0.64,0.64,0.0,True,best_threshold tp fp fn tn f1 recall precision miss_rate false_alarm_rate accuracy loss_07 loss_08 loss_09
12a,decision_tree,macro_standalone,macro,2009,0.3125,0.3125,0.0,0.6925,0.6925,0.0,False,
12a,decision_tree,macro_standalone,macro,2010,0.5333333333333333,0.5333333333333333,0.0,0.4166666666666667,0.4166666666666667,0.0,True,best_threshold fp tn f1 precision false_alarm_rate accuracy loss_07 loss_08 loss_09
12a,decision_tree,macro_standalone,macro,2011,0.54,0.54,0.0,0.4533333333333334,0.4533333333333334,0.0,True,best_threshold tp fp fn tn f1 recall precision miss_rate false_alarm_rate accuracy loss_07 loss_08 loss_09
12a,decision_tree,macro_standalone,macro,2012,0.6833333333333333,0.6833333333333333,0.0,0.6383333333333334,0.6383333333333334,0.0,True,best_threshold
12a,decision_tree,rt1,macro,2008,0.5,0.5,0.0,0.64,0.64,0.0,True,best_threshold tp fp fn tn f1 recall precision miss_rate false_alarm_rate accuracy loss_07 loss_08 loss_09
12a,decision_tree,rt1,macro,2009,0.5,0.5,0.0,0.64,0.64,0.0,False,
12a,decision_tree,rt1,macro,2010,0.5,0.5,0.0,0.4,0.4,0.0,False,
12a,decision_tree,rt1,macro,2011,0.5866666666666667,0.5866666666666667,0.0,0.4733333333333333,0.4733333333333333,0.0,False,
12a,decision_tree,rt1,macro,2012,0.5966666666666667,0.5966666666666667,0.0,0.5267948717948717,0.5267948717948717,0.0,False,
12a,lightgbm,macro_standalone,macro,2008,0.7013888888888888,0.7013888888888888,0.0,0.8552055218173639,0.8552055218173639,0.0,True,best_threshold tp fp fn tn f1 recall precision miss_rate false_alarm_rate accuracy loss_07 loss_08 loss_09
12a,lightgbm,macro_standalone,macro,2009,0.6527777777777779,0.6597222222222223,0.00694444444444442,0.7912109815802271,0.7302182906962319,-0.06099269088399517,True,brier best_threshold tp fp fn tn f1 recall precision miss_rate false_alarm_rate loss_07 loss_08 loss_09
12a,lightgbm,macro_standalone,macro,2010,0.4866666666666666,0.5133333333333334,0.02666666666666684,0.459244071146245,0.428546176046176,-0.030697895100068984,True,brier best_threshold tp fp fn tn f1 recall precision miss_rate false_alarm_rate loss_07 loss_08 loss_09
12a,lightgbm,macro_standalone,macro,2011,0.7333333333333334,0.8200000000000001,0.08666666666666667,0.7083241758241758,0.701231867547657,-0.007092308276518855,True,brier best_threshold tp fp fn tn f1 recall precision miss_rate false_alarm_rate accuracy loss_07 loss_08 loss_09
12a,lightgbm,macro_standalone,macro,2012,0.9066666666666667,0.8533333333333334,-0.053333333333333344,0.8955542986425339,0.8563492063492063,-0.03920509229332758,True,brier best_threshold tp fp fn tn f1 recall precision miss_rate false_alarm_rate accuracy loss_07 loss_08 loss_09
12a,lightgbm,rt1,macro,2008,0.6388888888888888,0.6388888888888888,0.0,0.7556547619047619,0.7556547619047619,0.0,True,best_threshold tp fp fn tn f1 recall precision miss_rate false_alarm_rate accuracy loss_07 loss_08 loss_09
12a,lightgbm,rt1,macro,2009,0.6736111111111112,0.6736111111111112,0.0,0.8058018774311344,0.8058018774311344,0.0,True,tp fp fn tn f1 recall precision miss_rate false_alarm_rate accuracy loss_07 loss_08 loss_09
12a,lightgbm,rt1,macro,2010,0.5599999999999999,0.5599999999999999,0.0,0.4366666666666667,0.4366666666666667,0.0,True,tp fp fn tn f1 recall precision miss_rate false_alarm_rate accuracy loss_07 loss_08 loss_09
12a,lightgbm,rt1,macro,2011,0.8066666666666666,0.84,0.033333333333333326,0.780877684407096,0.8133241758241758,0.03244649141707978,True,brier best_threshold fp tn f1 precision false_alarm_rate accuracy loss_07 loss_08 loss_09
12a,lightgbm,rt1,macro,2012,0.8533333333333333,0.8266666666666667,-0.026666666666666616,0.8168440617353662,0.7897294372294372,-0.02711462450592894,True,brier best_threshold tp fp fn tn f1 recall precision miss_rate false_alarm_rate accuracy loss_07 loss_08 loss_09
12a,logistic_regression,macro_standalone,macro,2008,0.4791666666666667,0.4791666666666667,0.0,0.6621184460272831,0.6621184460272831,0.0,True,best_threshold tp fp fn tn f1 recall precision miss_rate false_alarm_rate accuracy loss_07 loss_08 loss_09
12a,logistic_regression,macro_standalone,macro,2009,0.6805555555555556,0.6805555555555556,0.0,0.7895733600717869,0.7895733600717869,0.0,True,best_threshold fp tn f1 precision false_alarm_rate accuracy loss_07 loss_08 loss_09
12a,logistic_regression,macro_standalone,macro,2010,0.54,0.54,0.0,0.4843657067570111,0.4843657067570111,0.0,True,best_threshold tp fp fn tn f1 recall precision miss_rate false_alarm_rate accuracy loss_07 loss_09
12a,logistic_regression,macro_standalone,macro,2011,0.6533333333333333,0.6533333333333333,0.0,0.5675036075036075,0.5675036075036075,0.0,True,best_threshold tp fp fn tn f1 recall precision miss_rate false_alarm_rate accuracy loss_07 loss_08 loss_09
12a,logistic_regression,macro_standalone,macro,2012,0.7533333333333333,0.7533333333333333,0.0,0.7565384615384615,0.7565384615384615,0.0,True,best_threshold tp fp fn tn f1 recall precision miss_rate false_alarm_rate accuracy loss_07 loss_08 loss_09
12a,logistic_regression,rt1,macro,2008,0.2152777777777778,0.2152777777777778,0.0,0.5133887753249167,0.5133887753249167,0.0,True,best_threshold tp fp fn tn f1 recall precision miss_rate false_alarm_rate accuracy loss_07 loss_08 loss_09
12a,logistic_regression,rt1,macro,2009,0.3402777777777778,0.3402777777777778,0.0,0.5477625935464305,0.5477625935464305,0.0,True,best_threshold fp tn f1 precision false_alarm_rate accuracy loss_07 loss_08 loss_09
12a,logistic_regression,rt1,macro,2010,0.4866666666666667,0.4866666666666667,0.0,0.4631040283246166,0.4631040283246166,0.0,True,best_threshold fp tn f1 precision false_alarm_rate accuracy loss_07 loss_08 loss_09
12a,logistic_regression,rt1,macro,2011,0.6866666666666666,0.6866666666666666,0.0,0.7188704177323103,0.7188704177323103,0.0,True,best_threshold tp fp fn tn f1 recall precision miss_rate false_alarm_rate accuracy loss_07 loss_08 loss_09
12a,logistic_regression,rt1,macro,2012,0.82,0.82,0.0,0.8052686202686202,0.8052686202686202,0.0,True,best_threshold tp fp fn tn f1 recall precision miss_rate false_alarm_rate accuracy loss_07 loss_08 loss_09
12a,mlp,macro_standalone,macro,2008,0.5555555555555556,0.5555555555555556,0.0,0.6599885366826156,0.6599885366826156,0.0,True,best_threshold tp fp fn tn f1 recall precision miss_rate false_alarm_rate accuracy loss_07 loss_08 loss_09
12a,mlp,macro_standalone,macro,2009,0.486111111111111,0.4791666666666666,-0.00694444444444442,0.609264137130985,0.6049238593532071,-0.004340277777777901,True,brier best_threshold
12a,mlp,macro_standalone,macro,2010,0.52,0.5266666666666666,0.006666666666666599,0.4808495670995671,0.4850162337662337,0.004166666666666596,True,brier best_threshold tp fp fn tn f1 recall precision miss_rate false_alarm_rate loss_07 loss_08 loss_09
12a,mlp,macro_standalone,macro,2011,0.6733333333333333,0.7666666666666667,0.09333333333333338,0.6126984126984126,0.7354653679653679,0.12276695526695525,True,brier best_threshold tp fp fn tn f1 recall precision miss_rate false_alarm_rate accuracy loss_07 loss_08 loss_09
12a,mlp,macro_standalone,macro,2012,0.84,0.8133333333333334,-0.026666666666666616,0.8352453102453102,0.7870021645021645,-0.0482431457431457,True,brier best_threshold tp fp fn tn f1 recall precision miss_rate false_alarm_rate accuracy loss_07 loss_09
12a,mlp,rt1,macro,2008,0.4375,0.4375,0.0,0.6099316826272843,0.6099316826272843,0.0,True,best_threshold tp fp fn tn f1 recall precision miss_rate false_alarm_rate accuracy loss_07 loss_08 loss_09
12a,mlp,rt1,macro,2009,0.375,0.375,0.0,0.5702398439866471,0.5702398439866471,0.0,True,best_threshold tp fp fn tn f1 recall precision miss_rate false_alarm_rate accuracy loss_07 loss_08 loss_09
12a,mlp,rt1,macro,2010,0.6,0.6,0.0,0.4867383107088989,0.4867383107088989,0.0,True,best_threshold tp fp fn tn f1 recall precision miss_rate false_alarm_rate accuracy loss_07 loss_08 loss_09
12a,mlp,rt1,macro,2011,0.8533333333333333,0.8266666666666667,-0.026666666666666616,0.8210081585081584,0.8267401960784313,0.005732037570272852,True,brier best_threshold fp tn f1 precision false_alarm_rate accuracy loss_07 loss_08 loss_09
12a,mlp,rt1,macro,2012,0.9133333333333333,0.8866666666666667,-0.026666666666666616,0.9025641025641025,0.8702686202686202,-0.03229548229548229,True,brier best_threshold tp fn f1 recall miss_rate accuracy loss_07 loss_08 loss_09
12a,random_forest,macro_standalone,macro,2008,0.53125,0.53125,0.0,0.6625,0.6625,0.0,True,best_threshold tp fp fn tn f1 recall precision miss_rate false_alarm_rate accuracy loss_07 loss_08 loss_09
12a,random_forest,macro_standalone,macro,2009,0.5416666666666667,0.5416666666666667,0.0,0.730835362280964,0.730835362280964,0.0,True,best_threshold fp tn f1 precision false_alarm_rate accuracy loss_07 loss_08 loss_09
12a,random_forest,macro_standalone,macro,2010,0.4666666666666667,0.4666666666666667,0.0,0.382668172470804,0.382668172470804,0.0,True,best_threshold fp tn f1 precision false_alarm_rate accuracy loss_07 loss_08 loss_09
12a,random_forest,macro_standalone,macro,2011,0.7533333333333333,0.7533333333333333,0.0,0.7107798481711525,0.7107798481711525,0.0,True,best_threshold
12a,random_forest,macro_standalone,macro,2012,0.8333333333333334,0.8333333333333334,0.0,0.8391575091575091,0.8391575091575091,0.0,True,best_threshold tp fp fn tn f1 recall precision miss_rate false_alarm_rate accuracy loss_07 loss_08 loss_09
12a,random_forest,rt1,macro,2008,0.5,0.5,0.0,0.64,0.64,0.0,True,best_threshold tp fp fn tn f1 recall precision miss_rate false_alarm_rate accuracy loss_07 loss_08 loss_09
12a,random_forest,rt1,macro,2009,0.4409722222222222,0.4409722222222222,0.0,0.6120833333333334,0.6120833333333334,0.0,False,
12a,random_forest,rt1,macro,2010,0.5,0.5,0.0,0.4,0.4,0.0,False,
12a,random_forest,rt1,macro,2011,0.6733333333333333,0.6733333333333333,0.0,0.6406762192056309,0.6406762192056309,0.0,True,best_threshold tp fp fn tn f1 recall precision miss_rate false_alarm_rate accuracy loss_07 loss_08 loss_09
12a,random_forest,rt1,macro,2012,0.8066666666666666,0.8066666666666666,0.0,0.7988220551378445,0.7988220551378445,0.0,True,best_threshold tp fp fn tn f1 recall precision miss_rate false_alarm_rate accuracy loss_07 loss_08 loss_09
12a,xgboost,macro_standalone,macro,2008,0.4826388888888889,0.4826388888888889,0.0,0.7467006033182504,0.7467006033182504,0.0,True,best_threshold tp fp fn tn f1 recall precision miss_rate false_alarm_rate accuracy loss_07 loss_08 loss_09
12a,xgboost,macro_standalone,macro,2009,0.6319444444444444,0.5902777777777778,-0.04166666666666663,0.7319402405360937,0.7149657089019512,-0.01697453163414253,True,brier best_threshold
12a,xgboost,macro_standalone,macro,2010,0.4466666666666667,0.4533333333333334,0.00666666666666671,0.379942123094297,0.3845656530095889,0.004623529915291913,True,brier best_threshold fp tn f1 precision false_alarm_rate accuracy loss_07 loss_08 loss_09
12a,xgboost,macro_standalone,macro,2011,0.8066666666666666,0.8266666666666667,0.020000000000000018,0.6822619047619047,0.7056593406593407,0.023397435897435925,True,brier best_threshold tp fp fn tn f1 recall precision miss_rate false_alarm_rate loss_07 loss_08 loss_09
12a,xgboost,macro_standalone,macro,2012,0.8533333333333334,0.8333333333333333,-0.02000000000000013,0.8732874968169085,0.8250171998624011,-0.04827029695450746,True,brier best_threshold tp fp fn tn f1 recall precision miss_rate false_alarm_rate accuracy loss_07 loss_08 loss_09
12a,xgboost,rt1,macro,2008,0.5,0.5,0.0,0.64,0.64,0.0,True,best_threshold tp fp fn tn f1 recall precision miss_rate false_alarm_rate accuracy loss_07 loss_08 loss_09
12a,xgboost,rt1,macro,2009,0.5,0.5,0.0,0.64,0.64,0.0,True,best_threshold tp fp fn tn f1 recall precision miss_rate false_alarm_rate accuracy loss_07 loss_08 loss_09
12a,xgboost,rt1,macro,2010,0.5,0.5,0.0,0.4,0.4,0.0,True,best_threshold tp fp fn tn f1 recall precision miss_rate false_alarm_rate accuracy loss_07 loss_08 loss_09
12a,xgboost,rt1,macro,2011,0.7733333333333333,0.78,0.00666666666666671,0.7201984126984127,0.7269404125286478,0.006741999830235157,True,brier best_threshold tp fp fn tn f1 recall precision miss_rate false_alarm_rate loss_07 loss_08 loss_09
12a,xgboost,rt1,macro,2012,0.7933333333333334,0.8066666666666668,0.013333333333333308,0.7715509928667823,0.7694472194472194,-0.0021037734195629154,True,brier best_threshold tp fp fn tn f1 recall precision miss_rate false_alarm_rate accuracy loss_08 loss_09
12a_gran,decision_tree,macro_standalone,macro,2010,0.45,0.45,0.0,0.3988636363636364,0.3988636363636364,0.0,True,best_threshold fp tn f1 precision false_alarm_rate accuracy loss_07 loss_08 loss_09
12a_gran,decision_tree,macro_standalone,macro,2011,0.5366666666666666,0.5366666666666666,0.0,0.4340909090909091,0.4340909090909091,0.0,True,best_threshold tp fp fn tn f1 recall precision miss_rate false_alarm_rate loss_07 loss_08 loss_09
12a_gran,decision_tree,macro_standalone,macro,2012,0.8233333333333334,0.8233333333333334,0.0,0.7257575757575758,0.7257575757575758,0.0,True,best_threshold fp tn f1 precision false_alarm_rate accuracy loss_07 loss_08 loss_09
12a_gran,decision_tree,rt1,macro,2011,0.5733333333333333,0.5733333333333333,0.0,0.52,0.52,0.0,True,best_threshold tp fp fn tn f1 recall precision miss_rate false_alarm_rate accuracy loss_07 loss_08 loss_09
12a_gran,decision_tree,rt1,macro,2012,0.5666666666666667,0.5666666666666667,0.0,0.4533333333333334,0.4533333333333334,0.0,False,
12a_gran,lightgbm,macro_standalone,macro,2010,0.5666666666666667,0.5666666666666667,0.0,0.46,0.46,0.0,True,best_threshold
12a_gran,lightgbm,macro_standalone,macro,2011,0.88,0.8,-0.07999999999999996,0.8263383838383839,0.685064935064935,-0.14127344877344883,True,brier best_threshold tp fp fn tn f1 recall precision miss_rate false_alarm_rate accuracy loss_07 loss_08 loss_09
12a_gran,lightgbm,macro_standalone,macro,2012,0.9,0.88,-0.020000000000000018,0.9003588516746411,0.8801315789473685,-0.02022727272727265,True,brier best_threshold tp fp fn tn f1 recall precision miss_rate false_alarm_rate accuracy loss_07 loss_08 loss_09
12a_gran,lightgbm,rt1,macro,2011,0.8800000000000001,0.8800000000000001,0.0,0.8472988561146456,0.8472988561146456,0.0,True,best_threshold tp fp fn tn f1 recall precision miss_rate false_alarm_rate accuracy loss_07 loss_08 loss_09
12a_gran,lightgbm,rt1,macro,2012,0.8533333333333334,0.8533333333333334,0.0,0.8321218395131438,0.8321218395131438,0.0,True,best_threshold fp tn f1 precision false_alarm_rate accuracy loss_07 loss_08 loss_09
12a_gran,logistic_regression,macro_standalone,macro,2010,0.5066666666666667,0.5066666666666667,0.0,0.4843505187622834,0.4843505187622834,0.0,True,best_threshold tp fp fn tn f1 recall precision miss_rate false_alarm_rate accuracy loss_07 loss_08 loss_09
12a_gran,logistic_regression,macro_standalone,macro,2011,0.6666666666666667,0.6666666666666667,0.0,0.6510926399545325,0.6510926399545325,0.0,True,best_threshold tp fp fn tn f1 recall precision miss_rate false_alarm_rate accuracy loss_07 loss_09
12a_gran,logistic_regression,macro_standalone,macro,2012,0.74,0.74,0.0,0.7106672494172493,0.7106672494172493,0.0,True,best_threshold fp tn f1 precision false_alarm_rate accuracy loss_07 loss_08 loss_09
12a_gran,logistic_regression,rt1,macro,2011,0.7333333333333334,0.7333333333333334,0.0,0.7181211180124224,0.7181211180124224,0.0,True,best_threshold tp fp fn tn f1 recall precision miss_rate false_alarm_rate accuracy loss_07 loss_08 loss_09
12a_gran,logistic_regression,rt1,macro,2012,0.8133333333333334,0.8133333333333334,0.0,0.7583473389355743,0.7583473389355743,0.0,True,best_threshold tp fp fn tn f1 recall precision miss_rate false_alarm_rate accuracy loss_07 loss_08 loss_09
12a_gran,mlp,macro_standalone,macro,2010,0.44,0.44,0.0,0.3808868908868909,0.3808868908868909,0.0,True,best_threshold tp fp fn tn f1 recall precision miss_rate false_alarm_rate accuracy loss_07 loss_08 loss_09
12a_gran,mlp,macro_standalone,macro,2011,0.7,0.6666666666666667,-0.033333333333333215,0.6983467023172906,0.6459673659673659,-0.05237933634992464,True,brier best_threshold tp fp fn tn f1 recall precision miss_rate false_alarm_rate accuracy loss_07 loss_08 loss_09
12a_gran,mlp,macro_standalone,macro,2012,0.74,0.8133333333333334,0.07333333333333336,0.7488677988677989,0.8186247086247086,0.06975690975690974,True,brier best_threshold fp tn f1 precision false_alarm_rate accuracy loss_07 loss_08 loss_09
12a_gran,mlp,rt1,macro,2011,0.8133333333333334,0.8133333333333334,0.0,0.798799762329174,0.798799762329174,0.0,True,best_threshold tp fp fn tn f1 recall precision miss_rate false_alarm_rate accuracy loss_07 loss_08 loss_09
12a_gran,mlp,rt1,macro,2012,0.8266666666666667,0.8266666666666667,0.0,0.8286247086247086,0.8286247086247086,0.0,True,best_threshold tp fn f1 recall precision miss_rate accuracy loss_07 loss_08 loss_09
12a_gran,random_forest,macro_standalone,macro,2010,0.5166666666666667,0.5166666666666667,0.0,0.4386503256468932,0.4386503256468932,0.0,True,best_threshold fp tn f1 precision false_alarm_rate accuracy loss_07 loss_08 loss_09
12a_gran,random_forest,macro_standalone,macro,2011,0.6533333333333333,0.6533333333333333,0.0,0.5856434793276898,0.5856434793276898,0.0,True,best_threshold fp tn f1 precision false_alarm_rate accuracy loss_07 loss_08 loss_09
12a_gran,random_forest,macro_standalone,macro,2012,0.9,0.9,0.0,0.9126315789473685,0.9126315789473685,0.0,True,best_threshold tp fp fn tn f1 recall precision miss_rate false_alarm_rate accuracy loss_07 loss_08 loss_09
12a_gran,random_forest,rt1,macro,2011,0.6733333333333333,0.6733333333333333,0.0,0.6533760683760683,0.6533760683760683,0.0,True,best_threshold tp fp fn tn f1 recall precision miss_rate false_alarm_rate accuracy loss_07 loss_08 loss_09
12a_gran,random_forest,rt1,macro,2012,0.8866666666666666,0.8866666666666666,0.0,0.8323841354723708,0.8323841354723708,0.0,True,best_threshold tp fp fn tn f1 recall precision miss_rate false_alarm_rate accuracy loss_07 loss_08 loss_09
12a_gran,xgboost,macro_standalone,macro,2010,0.5066666666666666,0.5066666666666666,0.0,0.4311331805449452,0.4311331805449452,0.0,True,best_threshold fp tn f1 precision false_alarm_rate accuracy loss_07 loss_08 loss_09
12a_gran,xgboost,macro_standalone,macro,2011,0.7533333333333334,0.7666666666666666,0.013333333333333197,0.6665909090909091,0.6832899045399045,0.016698995448995335,True,brier best_threshold tp fp fn tn f1 recall precision miss_rate false_alarm_rate accuracy loss_07 loss_08 loss_09
12a_gran,xgboost,macro_standalone,macro,2012,0.8733333333333334,0.7533333333333334,-0.12,0.8826388888888889,0.7055860805860806,-0.17705280830280823,True,brier best_threshold tp fp fn tn f1 recall precision miss_rate false_alarm_rate accuracy loss_07 loss_08 loss_09
12a_gran,xgboost,rt1,macro,2011,0.72,0.72,0.0,0.6674799710093827,0.6674799710093827,0.0,True,best_threshold tp fp fn tn f1 recall precision miss_rate false_alarm_rate accuracy loss_07 loss_08 loss_09
12a_gran,xgboost,rt1,macro,2012,0.7933333333333333,0.7933333333333333,0.0,0.8085877572719677,0.8085877572719677,0.0,True,best_threshold tp fp fn tn f1 recall precision miss_rate false_alarm_rate accuracy loss_07 loss_08 loss_09
12b,decision_tree,macro_standalone,macro,2001,0.8958333333333333,0.375,-0.5208333333333333,0.1666666666666667,0.04,-0.1266666666666667,True,brier best_threshold tp fp fn tn f1 recall precision miss_rate false_alarm_rate accuracy loss_07 loss_08 loss_09
12b,decision_tree,macro_standalone,macro,2002,0.875,0.875,0.0,0.1428571428571428,0.1428571428571428,0.0,True,best_threshold fp tn f1 precision false_alarm_rate accuracy loss_07 loss_08 loss_09
12b,decision_tree,macro_standalone,macro,2008,0.3055555555555556,0.3645833333333334,0.059027777777777846,0.6124999999999999,0.615625,0.0031250000000000444,True,brier best_threshold tp fp fn tn f1 recall precision miss_rate false_alarm_rate accuracy loss_07 loss_08 loss_09
12b,decision_tree,macro_standalone,macro,2009,0.6458333333333333,0.4583333333333334,-0.18749999999999983,0.7511458333333333,0.6228571428571428,-0.12828869047619051,True,brier
12b,decision_tree,macro_standalone,macro,2010,0.4533333333333333,0.5599999999999999,0.10666666666666663,0.3768990658464343,0.4333333333333333,0.056434267486899004,True,brier
12b,decision_tree,macro_standalone,macro,2011,0.6733333333333333,0.59,-0.08333333333333337,0.5181818181818181,0.4894083694083695,-0.028773448773448562,True,brier best_threshold tp fp fn tn f1 recall precision miss_rate false_alarm_rate accuracy loss_07 loss_08 loss_09
12b,decision_tree,macro_standalone,macro,2012,0.6633333333333333,0.7066666666666667,0.043333333333333335,0.4930515236397589,0.6319841269841271,0.1389326033443682,True,brier best_threshold tp fp fn tn f1 recall precision miss_rate false_alarm_rate accuracy loss_07 loss_08 loss_09
12b,decision_tree,rt1,macro,2001,1.0,1.0,0.0,1.0,1.0,0.0,True,best_threshold tp fn f1 recall precision miss_rate accuracy loss_07 loss_08 loss_09
12b,decision_tree,rt1,macro,2002,0.3958333333333333,0.3958333333333333,0.0,0.04,0.04,0.0,True,best_threshold tp fp fn tn f1 recall precision miss_rate false_alarm_rate accuracy loss_07 loss_08 loss_09
12b,decision_tree,rt1,macro,2008,0.5,0.5,0.0,0.64,0.64,0.0,True,best_threshold tp fp fn tn f1 recall precision miss_rate false_alarm_rate accuracy loss_07 loss_08 loss_09
12b,decision_tree,rt1,macro,2009,0.4756944444444444,0.4756944444444444,0.0,0.63125,0.63125,0.0,False,
12b,decision_tree,rt1,macro,2010,0.4166666666666667,0.4166666666666667,0.0,0.3800000000000001,0.3800000000000001,0.0,False,
12b,decision_tree,rt1,macro,2011,0.5933333333333333,0.5933333333333333,0.0,0.4666666666666667,0.4666666666666667,0.0,False,
12b,decision_tree,rt1,macro,2012,0.8266666666666667,0.8066666666666666,-0.020000000000000018,0.7298245614035088,0.6464912280701753,-0.08333333333333348,True,brier best_threshold fp tn f1 precision false_alarm_rate accuracy loss_07 loss_08 loss_09
12b,lightgbm,macro_standalone,macro,2001,0.875,0.75,-0.125,0.25,0.1428571428571428,-0.1071428571428572,True,brier best_threshold tp fp fn tn f1 recall precision miss_rate false_alarm_rate accuracy loss_07 loss_08 loss_09
12b,lightgbm,macro_standalone,macro,2002,0.7916666666666666,1.0,0.20833333333333337,0.1666666666666667,1.0,0.8333333333333333,True,brier best_threshold fp tn f1 precision false_alarm_rate accuracy loss_07 loss_08 loss_09
12b,lightgbm,macro_standalone,macro,2008,0.625,0.5138888888888888,-0.11111111111111116,0.7252919333082377,0.6584886920845453,-0.06680324122369241,True,brier best_threshold tp fp fn tn f1 recall precision miss_rate false_alarm_rate accuracy loss_07 loss_08 loss_09
12b,lightgbm,macro_standalone,macro,2009,0.5208333333333334,0.5347222222222222,0.01388888888888884,0.6462810453435454,0.6659958501251071,0.019714804781561734,True,brier best_threshold
12b,lightgbm,macro_standalone,macro,2010,0.56,0.68,0.12,0.5147823734236777,0.6002505827505827,0.08546820932690502,True,brier best_threshold tp fp fn tn f1 recall precision miss_rate false_alarm_rate accuracy loss_07 loss_08 loss_09
12b,lightgbm,macro_standalone,macro,2011,0.8600000000000001,0.8333333333333334,-0.026666666666666727,0.8255483405483405,0.7773809523809524,-0.04816738816738808,True,brier best_threshold tp fp fn tn f1 recall precision miss_rate false_alarm_rate accuracy loss_07 loss_08 loss_09
12b,lightgbm,macro_standalone,macro,2012,0.8933333333333333,0.92,0.026666666666666727,0.8709973798131693,0.9233386496544392,0.052341269841269966,True,brier best_threshold fp tn f1 precision false_alarm_rate accuracy loss_07 loss_08 loss_09
12b,lightgbm,rt1,macro,2001,0.9166666666666666,0.9166666666666666,0.0,0.3333333333333333,0.3333333333333333,0.0,True,brier best_threshold tp fp fn tn f1 recall precision miss_rate false_alarm_rate accuracy loss_07 loss_08 loss_09
12b,lightgbm,rt1,macro,2002,0.7083333333333333,0.3333333333333334,-0.37499999999999983,0.125,0.05882352941176471,-0.06617647058823528,True,brier best_threshold tp fp fn tn f1 recall precision miss_rate false_alarm_rate accuracy loss_07 loss_08 loss_09
12b,lightgbm,rt1,macro,2008,0.4375,0.5069444444444444,0.06944444444444442,0.6164975491438087,0.6792103148077413,0.06271276566393258,True,brier best_threshold tp fp fn tn f1 recall precision miss_rate false_alarm_rate accuracy loss_07 loss_08 loss_09
12b,lightgbm,rt1,macro,2009,0.6041666666666667,0.5833333333333333,-0.02083333333333348,0.6997313140076298,0.6596410192358082,-0.04009029477182158,True,brier best_threshold tp fp fn tn f1 recall precision miss_rate false_alarm_rate accuracy loss_07 loss_08 loss_09
12b,lightgbm,rt1,macro,2010,0.4666666666666667,0.5533333333333332,0.08666666666666656,0.3986367880485527,0.4893393596950603,0.09070257164650763,True,brier best_threshold fp tn f1 precision false_alarm_rate accuracy loss_07 loss_08 loss_09
12b,lightgbm,rt1,macro,2011,0.8866666666666667,0.76,-0.1266666666666667,0.8217748917748917,0.6730863499245852,-0.14868854185030655,True,brier best_threshold tp fp fn tn f1 recall precision miss_rate false_alarm_rate accuracy loss_07 loss_08 loss_09
12b,lightgbm,rt1,macro,2012,0.9733333333333334,0.92,-0.053333333333333344,0.9651515151515151,0.923109243697479,-0.04204227145403605,True,brier best_threshold tp fp fn tn f1 recall precision miss_rate false_alarm_rate accuracy loss_07 loss_08 loss_09
12b,logistic_regression,macro_standalone,macro,2001,0.7083333333333333,0.7083333333333333,0.0,0.125,0.125,0.0,True,brier best_threshold tp fp fn tn f1 recall precision miss_rate false_alarm_rate accuracy loss_07 loss_08 loss_09
12b,logistic_regression,macro_standalone,macro,2002,0.5833333333333333,0.5,-0.08333333333333326,0.09090909090909091,0.07692307692307693,-0.013986013986013984,True,brier best_threshold fp tn f1 precision false_alarm_rate accuracy loss_07 loss_08 loss_09
12b,logistic_regression,macro_standalone,macro,2008,0.375,0.3611111111111112,-0.013888888888888784,0.5865063598710034,0.5764741980828433,-0.010032161788160132,True,brier best_threshold tp fp fn tn f1 recall precision miss_rate false_alarm_rate accuracy loss_07 loss_08 loss_09
12b,logistic_regression,macro_standalone,macro,2009,0.6805555555555556,0.7430555555555556,0.0625,0.7714425555618011,0.8020515652433222,0.030609009681521138,True,brier best_threshold fp tn f1 precision false_alarm_rate accuracy loss_07 loss_08 loss_09
12b,logistic_regression,macro_standalone,macro,2010,0.6666666666666667,0.5933333333333333,-0.07333333333333347,0.6009764796606901,0.5070797258297258,-0.0938967538309643,True,brier best_threshold tp fp fn tn f1 recall precision miss_rate false_alarm_rate accuracy loss_07 loss_08 loss_09
12b,logistic_regression,macro_standalone,macro,2011,0.7933333333333333,0.7933333333333333,0.0,0.8018414918414918,0.7671717171717171,-0.03466977466977472,True,brier best_threshold tp fp fn tn f1 recall precision miss_rate false_alarm_rate accuracy loss_07 loss_08 loss_09
12b,logistic_regression,macro_standalone,macro,2012,0.8133333333333334,0.7466666666666667,-0.06666666666666665,0.8057792207792207,0.75,-0.055779220779220706,True,brier best_threshold tp fp fn tn f1 recall precision miss_rate false_alarm_rate accuracy loss_07 loss_08 loss_09
12b,logistic_regression,rt1,macro,2001,0.875,0.875,0.0,0.25,0.25,0.0,True,brier best_threshold tp fp fn tn f1 recall precision miss_rate false_alarm_rate accuracy loss_07 loss_08 loss_09
12b,logistic_regression,rt1,macro,2002,0.4583333333333334,0.4166666666666666,-0.04166666666666685,0.07142857142857142,0.06666666666666667,-0.004761904761904759,True,brier best_threshold fp tn f1 precision false_alarm_rate accuracy loss_07 loss_08 loss_09
12b,logistic_regression,rt1,macro,2008,0.5763888888888888,0.4930555555555556,-0.08333333333333326,0.7461318204821494,0.6596023405941883,-0.08652947988796111,True,brier best_threshold tp fp fn tn f1 recall precision miss_rate false_alarm_rate accuracy loss_07 loss_08 loss_09
12b,logistic_regression,rt1,macro,2009,0.5902777777777778,0.5138888888888888,-0.07638888888888895,0.7317095736389214,0.6370509014012303,-0.09465867223769109,True,brier best_threshold
12b,logistic_regression,rt1,macro,2010,0.5800000000000001,0.3866666666666667,-0.19333333333333336,0.524963768115942,0.4275751041483307,-0.09738866396761131,True,brier best_threshold tp fp fn tn f1 recall precision miss_rate false_alarm_rate accuracy loss_07 loss_08 loss_09
12b,logistic_regression,rt1,macro,2011,0.74,0.78,0.040000000000000036,0.7347527706734868,0.7779166666666667,0.043163895993179935,True,brier best_threshold tp fp fn tn f1 recall precision miss_rate false_alarm_rate accuracy loss_07 loss_08 loss_09
12b,logistic_regression,rt1,macro,2012,0.7666666666666666,0.7333333333333334,-0.033333333333333215,0.7755602240896359,0.7404636591478696,-0.03509656494176627,True,brier best_threshold tp fp fn tn f1 recall precision miss_rate false_alarm_rate accuracy loss_07 loss_08 loss_09
12b,mlp,macro_standalone,macro,2001,0.75,0.875,0.125,0.1428571428571428,0.25,0.1071428571428572,True,brier best_threshold tp fp fn tn f1 recall precision miss_rate false_alarm_rate accuracy loss_07 loss_08 loss_09
12b,mlp,macro_standalone,macro,2002,0.5833333333333333,0.5,-0.08333333333333326,0.09090909090909091,0.07692307692307693,-0.013986013986013984,True,brier best_threshold fp tn f1 precision false_alarm_rate accuracy loss_07 loss_08 loss_09
12b,mlp,macro_standalone,macro,2008,0.3402777777777778,0.3611111111111112,0.020833333333333426,0.5710335514294451,0.624083019322663,0.05304946789321785,True,brier best_threshold tp fp fn tn f1 recall precision miss_rate false_alarm_rate accuracy loss_07 loss_08 loss_09
12b,mlp,macro_standalone,macro,2009,0.6111111111111112,0.5,-0.11111111111111116,0.7444331219806763,0.6133417791527059,-0.13109134282797041,True,brier best_threshold tp fn f1 recall precision miss_rate accuracy loss_07 loss_08 loss_09
12b,mlp,macro_standalone,macro,2010,0.62,0.6933333333333334,0.07333333333333336,0.6987895256916996,0.6375876411170528,-0.061201884574646814,True,brier best_threshold tp fp fn tn f1 recall precision miss_rate false_alarm_rate accuracy loss_07 loss_08 loss_09
12b,mlp,macro_standalone,macro,2011,0.76,0.5333333333333333,-0.22666666666666668,0.7557448107448107,0.5438706945228684,-0.2118741162219423,True,brier best_threshold tp fp fn tn f1 recall precision miss_rate false_alarm_rate accuracy loss_07 loss_08 loss_09
12b,mlp,macro_standalone,macro,2012,0.8533333333333333,0.7866666666666666,-0.06666666666666665,0.8432792207792207,0.7897493734335839,-0.053529847345636816,True,brier best_threshold fp tn f1 precision false_alarm_rate accuracy loss_07 loss_08 loss_09
12b,mlp,rt1,macro,2001,0.9166666666666666,0.9166666666666666,0.0,0.3333333333333333,0.3333333333333333,0.0,True,brier best_threshold tp fp fn tn f1 recall precision miss_rate false_alarm_rate accuracy loss_07 loss_08 loss_09
12b,mlp,rt1,macro,2002,0.4166666666666666,0.5,0.08333333333333343,0.06666666666666667,0.07692307692307693,0.010256410256410262,True,brier best_threshold tp fp fn tn f1 recall precision miss_rate false_alarm_rate accuracy loss_07 loss_08 loss_09
12b,mlp,rt1,macro,2008,0.4652777777777778,0.4305555555555556,-0.03472222222222221,0.663849557608938,0.6672386529799414,0.0033890953710034033,True,brier best_threshold tp fp fn tn f1 recall precision miss_rate false_alarm_rate accuracy loss_07 loss_08 loss_09
12b,mlp,rt1,macro,2009,0.4791666666666667,0.3680555555555556,-0.1111111111111111,0.6603090379935346,0.5839629882099847,-0.07634604978354986,True,brier best_threshold tp fn f1 recall precision miss_rate accuracy loss_07 loss_08 loss_09
12b,mlp,rt1,macro,2010,0.5733333333333334,0.4333333333333333,-0.14000000000000007,0.4579013143719026,0.3981077075098814,-0.05979360686202123,True,brier best_threshold tp fp fn tn f1 recall precision miss_rate false_alarm_rate accuracy loss_07 loss_08 loss_09
12b,mlp,rt1,macro,2011,0.8066666666666666,0.7133333333333334,-0.09333333333333327,0.7341033966033966,0.7294896331738437,-0.004613763429552886,True,brier best_threshold fp tn f1 precision false_alarm_rate accuracy loss_07 loss_08 loss_09
12b,mlp,rt1,macro,2012,0.92,0.64,-0.28,0.9033974358974358,0.6183699633699633,-0.2850274725274725,True,brier best_threshold fp tn f1 precision false_alarm_rate accuracy loss_07 loss_08 loss_09
12b,random_forest,macro_standalone,macro,2001,0.875,0.8333333333333333,-0.04166666666666674,0.25,0.2,-0.04999999999999999,True,brier best_threshold tp fp fn tn f1 recall precision miss_rate false_alarm_rate accuracy loss_07 loss_08 loss_09
12b,random_forest,macro_standalone,macro,2002,1.0,1.0,0.0,1.0,1.0,0.0,True,brier best_threshold fp tn f1 precision false_alarm_rate accuracy loss_07 loss_08 loss_09
12b,random_forest,macro_standalone,macro,2008,0.4895833333333334,0.4756944444444444,-0.013888888888889006,0.6179359243697479,0.6194642857142857,0.0015283613445378208,True,brier best_threshold tp fp fn tn f1 recall precision miss_rate false_alarm_rate accuracy loss_07 loss_08 loss_09
12b,random_forest,macro_standalone,macro,2009,0.638888888888889,0.6111111111111112,-0.02777777777777779,0.7317536450645719,0.6785398287596177,-0.05321381630495414,True,brier best_threshold
12b,random_forest,macro_standalone,macro,2010,0.4666666666666667,0.4466666666666667,-0.019999999999999962,0.42589508530685,0.3941454125509853,-0.03174967275586471,True,brier best_threshold fp tn f1 precision false_alarm_rate accuracy loss_07 loss_08 loss_09
12b,random_forest,macro_standalone,macro,2011,0.7333333333333334,0.76,0.026666666666666616,0.7308333333333333,0.7245545682387787,-0.006278765094554606,True,brier best_threshold fp tn f1 precision false_alarm_rate accuracy loss_07 loss_08 loss_09
12b,random_forest,macro_standalone,macro,2012,0.8733333333333334,0.8666666666666667,-0.00666666666666671,0.8352480852480851,0.8687240047534165,0.03347591950533135,True,brier best_threshold tp fn f1 recall precision miss_rate accuracy loss_07 loss_08 loss_09
12b,random_forest,rt1,macro,2001,0.9791666666666666,0.9791666666666666,0.0,0.5,0.5,0.0,True,brier best_threshold fp tn f1 precision false_alarm_rate accuracy loss_07 loss_08 loss_09
12b,random_forest,rt1,macro,2002,0.625,0.625,0.0,0.1,0.1,0.0,True,brier best_threshold tp fp fn tn f1 recall precision miss_rate false_alarm_rate accuracy loss_07 loss_08 loss_09
12b,random_forest,rt1,macro,2008,0.5729166666666666,0.3923611111111111,-0.18055555555555552,0.6829166666666667,0.650952380952381,-0.03196428571428578,True,brier best_threshold tp fp fn tn f1 recall precision miss_rate false_alarm_rate accuracy loss_07 loss_08 loss_09
12b,random_forest,rt1,macro,2009,0.5208333333333333,0.5416666666666666,0.02083333333333337,0.6383482142857142,0.6366281512605041,-0.0017200630252101057,True,brier
12b,random_forest,rt1,macro,2010,0.6133333333333333,0.5666666666666667,-0.046666666666666634,0.5287121212121212,0.4263427800269906,-0.10236934118513058,True,brier
12b,random_forest,rt1,macro,2011,0.78,0.7866666666666666,0.006666666666666599,0.7494857430151548,0.7307786576168929,-0.018707085398261936,True,brier best_threshold fp tn f1 precision false_alarm_rate accuracy loss_07 loss_08 loss_09
12b,random_forest,rt1,macro,2012,0.9400000000000001,0.8733333333333333,-0.06666666666666676,0.9187698412698412,0.8720634920634921,-0.046706349206349085,True,brier best_threshold tp fp fn tn f1 recall precision miss_rate false_alarm_rate accuracy loss_07 loss_08 loss_09
12b,xgboost,macro_standalone,macro,2001,0.875,0.9166666666666666,0.04166666666666663,0.25,0.3333333333333333,0.08333333333333331,True,brier best_threshold tp fp fn tn f1 recall precision miss_rate false_alarm_rate loss_07 loss_08 loss_09
12b,xgboost,macro_standalone,macro,2002,1.0,0.9583333333333334,-0.04166666666666663,1.0,0.5,-0.5,True,brier best_threshold fp tn f1 precision false_alarm_rate accuracy loss_07 loss_08 loss_09
12b,xgboost,macro_standalone,macro,2008,0.4861111111111111,0.4861111111111111,0.0,0.6229916121460238,0.6206570537473923,-0.0023345583986315033,True,brier best_threshold tp fp fn tn f1 recall precision miss_rate false_alarm_rate accuracy loss_07 loss_08 loss_09
12b,xgboost,macro_standalone,macro,2009,0.5694444444444444,0.611111111111111,0.04166666666666663,0.6546819959044223,0.6983957102287714,0.04371371432434912,True,brier best_threshold fp tn f1 precision false_alarm_rate accuracy loss_07 loss_08 loss_09
12b,xgboost,macro_standalone,macro,2010,0.4999999999999999,0.5733333333333333,0.07333333333333336,0.4799596157719728,0.4927841012280371,0.012824485456064294,True,brier best_threshold fp tn f1 precision false_alarm_rate accuracy loss_07 loss_08 loss_09
12b,xgboost,macro_standalone,macro,2011,0.8733333333333333,0.7733333333333333,-0.09999999999999998,0.8384099672257567,0.7008848994143112,-0.13752506781144547,True,brier best_threshold tp fp fn tn f1 recall precision miss_rate false_alarm_rate accuracy loss_07 loss_08 loss_09
12b,xgboost,macro_standalone,macro,2012,0.8866666666666667,0.92,0.033333333333333326,0.8566766566766565,0.9156746031746031,0.05899794649794665,True,brier best_threshold tp fp fn tn f1 recall precision miss_rate false_alarm_rate accuracy loss_07 loss_08 loss_09
12b,xgboost,rt1,macro,2001,1.0,1.0,0.0,1.0,1.0,0.0,True,brier best_threshold fp tn f1 precision false_alarm_rate accuracy loss_07 loss_08 loss_09
12b,xgboost,rt1,macro,2002,0.04166666666666669,0.125,0.08333333333333331,0.04,0.04545454545454546,0.005454545454545462,True,brier best_threshold tp fp fn tn f1 recall precision miss_rate false_alarm_rate accuracy loss_07 loss_08 loss_09
12b,xgboost,rt1,macro,2008,0.5069444444444444,0.5659722222222222,0.05902777777777779,0.6754186246867168,0.7523041134590047,0.07688548877228796,True,brier best_threshold tp fp fn tn f1 recall precision miss_rate false_alarm_rate accuracy loss_07 loss_08 loss_09
12b,xgboost,rt1,macro,2009,0.5347222222222222,0.625,0.09027777777777779,0.6652778843057228,0.6911767766547178,0.025898892348995006,True,brier best_threshold fp tn f1 precision false_alarm_rate accuracy loss_07 loss_08 loss_09
12b,xgboost,rt1,macro,2010,0.4633333333333333,0.4066666666666667,-0.05666666666666664,0.451623661426293,0.4251940197408969,-0.026429641685396132,True,brier best_threshold fp tn f1 precision false_alarm_rate accuracy loss_07 loss_08 loss_09
12b,xgboost,rt1,macro,2011,0.7866666666666666,0.7133333333333334,-0.07333333333333325,0.7159967320261438,0.5968577694235588,-0.11913896260258494,True,brier best_threshold tp fp fn tn f1 recall precision miss_rate false_alarm_rate accuracy loss_07 loss_08 loss_09
12b,xgboost,rt1,macro,2012,0.9600000000000001,0.84,-0.1200000000000001,0.9503174603174603,0.8473856209150327,-0.10293183940242767,True,brier best_threshold fp tn f1 precision false_alarm_rate accuracy loss_07 loss_08 loss_09
12b_gran,decision_tree,macro_standalone,macro,2010,0.4933333333333333,0.4933333333333333,0.0,0.4027272727272728,0.4027272727272728,0.0,True,best_threshold fp tn f1 precision false_alarm_rate accuracy loss_07 loss_08 loss_09
12b_gran,decision_tree,macro_standalone,macro,2011,0.6833333333333335,0.6666666666666667,-0.01666666666666672,0.5269047619047619,0.4994444444444445,-0.02746031746031735,True,brier best_threshold
12b_gran,decision_tree,macro_standalone,macro,2012,0.7133333333333334,0.6433333333333333,-0.07000000000000006,0.5642857142857143,0.4844611528822055,-0.0798245614035088,True,brier best_threshold
12b_gran,decision_tree,rt1,macro,2011,0.5733333333333333,0.5733333333333333,0.0,0.52,0.52,0.0,True,best_threshold tp fp fn tn f1 recall precision miss_rate false_alarm_rate accuracy loss_07 loss_08 loss_09
12b_gran,decision_tree,rt1,macro,2012,0.5633333333333334,0.6966666666666668,0.13333333333333341,0.4696969696969697,0.6015384615384616,0.13184149184149185,True,brier
12b_gran,lightgbm,macro_standalone,macro,2010,0.62,0.6000000000000001,-0.019999999999999907,0.5086363636363637,0.4906788380701425,-0.017957525566221155,True,brier best_threshold tp fp fn tn f1 recall precision miss_rate false_alarm_rate accuracy loss_07 loss_08 loss_09
12b_gran,lightgbm,macro_standalone,macro,2011,0.8,0.88,0.07999999999999996,0.7774908424908423,0.8428968253968253,0.06540598290598298,True,brier best_threshold tp fp fn tn f1 recall precision miss_rate false_alarm_rate accuracy loss_07 loss_08 loss_09
12b_gran,lightgbm,macro_standalone,macro,2012,0.8933333333333333,0.8400000000000001,-0.05333333333333323,0.8969172932330828,0.8553968253968255,-0.04152046783625729,True,brier best_threshold tp fp fn tn f1 recall precision miss_rate false_alarm_rate accuracy loss_07 loss_08 loss_09
12b_gran,lightgbm,rt1,macro,2011,0.9400000000000001,0.9866666666666667,0.046666666666666634,0.9246503496503496,0.9833333333333333,0.058682983682983636,True,brier best_threshold tp fp fn tn f1 recall precision miss_rate false_alarm_rate accuracy loss_07 loss_08 loss_09
12b_gran,lightgbm,rt1,macro,2012,0.9066666666666667,0.8733333333333335,-0.033333333333333215,0.9416666666666667,0.905952380952381,-0.0357142857142857,True,brier best_threshold fp tn f1 precision false_alarm_rate accuracy loss_07 loss_08 loss_09
12b_gran,logistic_regression,macro_standalone,macro,2010,0.5533333333333333,0.56,0.00666666666666671,0.4449356199356199,0.519978354978355,0.07504273504273506,True,brier best_threshold fp tn f1 precision false_alarm_rate accuracy loss_07 loss_08 loss_09
12b_gran,logistic_regression,macro_standalone,macro,2011,0.7266666666666667,0.7333333333333333,0.006666666666666599,0.6723809523809523,0.6757142857142856,0.0033333333333332993,True,brier best_threshold tp fp fn tn f1 recall precision miss_rate false_alarm_rate accuracy loss_07 loss_08 loss_09
12b_gran,logistic_regression,macro_standalone,macro,2012,0.74,0.7533333333333334,0.01333333333333342,0.7462388387849418,0.7503796255344243,0.0041407867494824835,True,brier best_threshold tp fp fn tn f1 recall precision miss_rate false_alarm_rate loss_07 loss_08 loss_09
12b_gran,logistic_regression,rt1,macro,2011,0.7,0.6933333333333334,-0.006666666666666599,0.7107156558275484,0.6793586070791954,-0.03135704874835299,True,brier best_threshold tp fp fn tn f1 recall precision miss_rate false_alarm_rate accuracy loss_07 loss_08 loss_09
12b_gran,logistic_regression,rt1,macro,2012,0.8266666666666667,0.8266666666666667,0.0,0.7821717171717172,0.7651037851037851,-0.017067932067932112,True,brier best_threshold tp fp fn tn f1 recall precision miss_rate false_alarm_rate accuracy loss_07 loss_08 loss_09
12b_gran,mlp,macro_standalone,macro,2010,0.4266666666666667,0.4666666666666667,0.03999999999999998,0.3646127565245212,0.380859562264361,0.01624680573983983,True,brier best_threshold tp fp fn tn f1 recall precision miss_rate false_alarm_rate accuracy loss_07 loss_08 loss_09
12b_gran,mlp,macro_standalone,macro,2011,0.7866666666666667,0.8,0.013333333333333308,0.8173015873015873,0.7812554112554112,-0.036046176046176104,True,brier best_threshold tp fp fn tn f1 recall precision miss_rate false_alarm_rate accuracy loss_07 loss_08 loss_09
12b_gran,mlp,macro_standalone,macro,2012,0.7333333333333334,0.7400000000000001,0.00666666666666671,0.7653030303030303,0.7363003663003663,-0.029002664002663936,True,brier best_threshold tp fp fn tn f1 recall precision miss_rate false_alarm_rate accuracy loss_07 loss_08 loss_09
12b_gran,mlp,rt1,macro,2011,0.8266666666666667,0.8333333333333334,0.00666666666666671,0.8262076760528773,0.8054960317460317,-0.020711644306845578,True,brier best_threshold tp fp fn tn f1 recall precision miss_rate false_alarm_rate accuracy loss_07 loss_08 loss_09
12b_gran,mlp,rt1,macro,2012,0.9066666666666667,0.9466666666666668,0.040000000000000036,0.9047863247863247,0.9488235294117647,0.04403720462544003,True,brier best_threshold tp fn f1 recall miss_rate accuracy loss_07 loss_08 loss_09
12b_gran,random_forest,macro_standalone,macro,2010,0.4133333333333333,0.4466666666666667,0.03333333333333344,0.3610321704439352,0.3695468312516368,0.00851466080770158,True,brier best_threshold fp tn f1 precision false_alarm_rate accuracy loss_07 loss_08 loss_09
12b_gran,random_forest,macro_standalone,macro,2011,0.7733333333333333,0.8200000000000001,0.046666666666666745,0.6295921184079079,0.731231867547657,0.10163974913974916,True,brier best_threshold tp fp fn tn f1 recall precision miss_rate false_alarm_rate accuracy loss_07 loss_08 loss_09
12b_gran,random_forest,macro_standalone,macro,2012,0.8666666666666667,0.84,-0.026666666666666727,0.8803463203463203,0.8308333333333333,-0.04951298701298701,True,brier best_threshold tp fp fn tn f1 recall precision miss_rate false_alarm_rate accuracy loss_07 loss_08 loss_09
12b_gran,random_forest,rt1,macro,2011,0.76,0.7766666666666666,0.016666666666666607,0.7174475524475523,0.7159173669467787,-0.001530185500773662,True,brier best_threshold tp fp fn tn f1 recall precision miss_rate false_alarm_rate accuracy loss_07 loss_08 loss_09
12b_gran,random_forest,rt1,macro,2012,0.9400000000000001,0.9133333333333333,-0.026666666666666727,0.9500000000000001,0.9434782608695652,-0.006521739130434856,True,brier best_threshold fp tn f1 precision false_alarm_rate accuracy loss_07 loss_08 loss_09
12b_gran,xgboost,macro_standalone,macro,2010,0.5666666666666667,0.5733333333333334,0.00666666666666671,0.4540362905068787,0.4547552447552448,0.0007189542483660993,True,brier best_threshold tp fp fn tn f1 recall precision miss_rate false_alarm_rate accuracy loss_07 loss_08 loss_09
12b_gran,xgboost,macro_standalone,macro,2011,0.8266666666666667,0.7666666666666667,-0.05999999999999994,0.7295482295482295,0.7425216450216451,0.012973415473415573,True,brier best_threshold tp fp fn tn f1 recall precision miss_rate false_alarm_rate accuracy loss_07 loss_08 loss_09
12b_gran,xgboost,macro_standalone,macro,2012,0.8866666666666667,0.8,-0.08666666666666667,0.8825735294117646,0.7975033738191633,-0.08507015559260134,True,brier best_threshold fp tn f1 precision false_alarm_rate accuracy loss_07 loss_08 loss_09
12b_gran,xgboost,rt1,macro,2011,0.84,0.8733333333333333,0.033333333333333326,0.8034373877756231,0.8140476190476191,0.010610231271996007,True,brier best_threshold tp fp fn tn f1 recall precision miss_rate false_alarm_rate accuracy loss_07 loss_08 loss_09
12b_gran,xgboost,rt1,macro,2012,0.9333333333333333,0.9333333333333333,0.0,0.9373737373737373,0.95,0.012626262626262652,True,brier best_threshold tp fp fn tn f1 recall precision miss_rate false_alarm_rate accuracy loss_07 loss_08 loss_09
rt2a,decision_tree,rt2_2yr,integrated,2007,0.6097535505430243,0.8665902140672783,0.25683666352425405,0.8743776570652705,0.9593448115391845,0.08496715447391401,True,brier best_threshold tp fp fn tn f1 recall precision miss_rate false_alarm_rate accuracy loss_07 loss_08 loss_09
rt2a,decision_tree,rt2_2yr,macro,2007,0.5948203842940685,0.8686653560506771,0.2738449717566086,0.8699911842652824,0.9581747846322243,0.08818360036694184,True,brier best_threshold tp fp fn tn f1 recall precision miss_rate false_alarm_rate accuracy loss_07 loss_08 loss_09
rt2a,decision_tree,rt2_2yr,micro,2007,0.7664473684210527,0.8863040629095675,0.11985669448851488,0.9264609122814129,0.9608983765828369,0.034437464301424026,True,brier best_threshold tp fp fn tn f1 recall precision miss_rate false_alarm_rate accuracy loss_07 loss_08 loss_09
rt2a,lightgbm,rt2_2yr,integrated,2007,0.9785401002506265,0.9515618173875054,-0.026978282863121095,0.9958418660092639,0.9902600112289587,-0.005581854780305262,True,brier best_threshold tp fp fn tn f1 recall precision miss_rate false_alarm_rate accuracy loss_07 loss_08 loss_09
rt2a,lightgbm,rt2_2yr,macro,2007,0.9578111946532999,0.9511795543905636,-0.006631640262736327,0.9917949210942896,0.9900066112688226,-0.0017883098254669605,True,brier best_threshold tp fp fn tn f1 recall precision miss_rate false_alarm_rate accuracy loss_07 loss_08 loss_09
rt2a,lightgbm,rt2_2yr,micro,2007,0.9011069340016709,0.941568370467453,0.04046143646578215,0.9798422815883086,0.9865504720025915,0.006708190414282944,True,brier best_threshold tp fp fn tn f1 recall precision miss_rate false_alarm_rate accuracy loss_07 loss_08 loss_09
rt2a,logistic_regression,rt2_2yr,integrated,2007,0.9997911445279866,1.0,0.00020885547201343613,0.9999616106265818,0.9999999999999999,3.838937341804627e-05,True,brier best_threshold tp fp fn tn f1 recall precision miss_rate false_alarm_rate accuracy loss_07 loss_08 loss_09
rt2a,logistic_regression,rt2_2yr,macro,2007,0.9962406015037594,1.0,0.003759398496240629,0.9993164730006836,1.0,0.0006835269993163973,True,brier best_threshold tp fp fn tn f1 recall precision miss_rate false_alarm_rate accuracy loss_07 loss_08 loss_09
rt2a,logistic_regression,rt2_2yr,micro,2007,0.9982247284878863,1.0,0.001775271512113652,0.999690956054755,0.9999999999999999,0.0003090439452448912,True,brier best_threshold tp fp fn tn f1 recall precision miss_rate false_alarm_rate accuracy loss_07 loss_08 loss_09
rt2a,mlp,rt2_2yr,integrated,2007,0.9821428571428571,0.9954128440366974,0.013269986893840291,0.9967613270253349,0.9991112558106332,0.002349928785298272,True,brier best_threshold tp fp fn tn f1 recall precision miss_rate false_alarm_rate accuracy loss_07 loss_08 loss_09
rt2a,mlp,rt2_2yr,macro,2007,0.9512322472848789,0.9724770642201834,0.021244816935304556,0.9905969596082509,0.9942194655169193,0.0036225059086684164,True,brier best_threshold tp fp fn tn f1 recall precision miss_rate false_alarm_rate accuracy loss_07 loss_08 loss_09
rt2a,mlp,rt2_2yr,micro,2007,0.9097744360902256,0.9366535605067716,0.026879124416546052,0.9825958417089178,0.9864147971735133,0.0038189554645955415,True,brier best_threshold tp fp fn tn f1 recall precision miss_rate false_alarm_rate accuracy loss_07 loss_08 loss_09
rt2a,random_forest,rt2_2yr,integrated,2007,0.9627715121136173,0.9727501092179991,0.009978597104381759,0.9879408415433644,0.9909575573040181,0.0030167157606537653,True,brier best_threshold tp fp fn tn f1 recall precision miss_rate false_alarm_rate accuracy loss_07 loss_08 loss_09
rt2a,random_forest,rt2_2yr,macro,2007,0.9932121971595655,0.9434250764525994,-0.049787120706966115,0.9985524808403107,0.9863380948097071,-0.012214386030603541,True,brier best_threshold tp fp fn tn f1 recall precision miss_rate false_alarm_rate accuracy loss_07 loss_08 loss_09
rt2a,random_forest,rt2_2yr,micro,2007,0.9441311612364244,0.9609545653123635,0.016823404075939075,0.989245154035078,0.991075712073031,0.0018305580379530673,True,brier best_threshold tp fp fn tn f1 recall precision miss_rate false_alarm_rate accuracy loss_07 loss_08 loss_09
rt2a,xgboost,rt2_2yr,integrated,2007,0.9613617376775272,0.9541284403669725,-0.007233297310554665,0.9894736734744918,0.9860625055135863,-0.003411167960905459,True,brier best_threshold tp fp fn tn f1 recall precision miss_rate false_alarm_rate accuracy loss_07 loss_08 loss_09
rt2a,xgboost,rt2_2yr,macro,2007,0.9506056808688388,0.9493228484054173,-0.001282832463421535,0.9906269010334361,0.9887670686884497,-0.001859832344986434,True,brier best_threshold tp fp fn tn f1 recall precision miss_rate false_alarm_rate accuracy loss_07 loss_08 loss_09
rt2a,xgboost,rt2_2yr,micro,2007,0.8788638262322472,0.9259501965923985,0.047086370360151286,0.9749075539417374,0.9825922750560595,0.007684721114322057,True,brier best_threshold tp fp fn tn f1 recall precision miss_rate false_alarm_rate accuracy loss_07 loss_08 loss_09
rt2b,decision_tree,rt2_2yr,integrated,2007,0.6941311612364244,0.629259501965924,-0.06487165927050043,0.907713029900219,0.8757306421722217,-0.03198238772799722,True,brier best_threshold tp fp fn tn f1 recall precision miss_rate false_alarm_rate accuracy loss_07 loss_08 loss_09
rt2b,decision_tree,rt2_2yr,macro,2007,0.6230680868838763,0.629259501965924,0.00619141508204768,0.8822800479902804,0.8757306421722217,-0.006549405818058629,True,brier best_threshold tp fp fn tn f1 recall precision miss_rate false_alarm_rate accuracy loss_07 loss_08 loss_09
rt2b,decision_tree,rt2_2yr,micro,2007,0.8018483709273183,0.8959152468326781,0.09406687590535978,0.9391059036226912,0.9649910983042824,0.025885194681591228,True,brier best_threshold tp fp fn tn f1 recall precision miss_rate false_alarm_rate accuracy loss_07 loss_08 loss_09
rt2b,lightgbm,rt2_2yr,integrated,2007,0.9619883040935673,0.9458278724333771,-0.01616043166019021,0.9932587519438688,0.9892181501565452,-0.004040601787323572,True,brier best_threshold tp fp fn tn f1 recall precision miss_rate false_alarm_rate accuracy loss_07 loss_08 loss_09
rt2b,lightgbm,rt2_2yr,macro,2007,0.8865914786967418,0.9544560943643513,0.06786461566760948,0.9771673308163583,0.9905649757575079,0.013397644941149589,True,brier best_threshold tp fp fn tn f1 recall precision miss_rate false_alarm_rate accuracy loss_07 loss_08 loss_09
rt2b,lightgbm,rt2_2yr,micro,2007,0.9323308270676692,0.9386194844910442,0.0062886574233749215,0.9838033679046632,0.9773751127946494,-0.00642825511001377,True,brier best_threshold tp fp fn tn f1 recall precision miss_rate false_alarm_rate accuracy loss_07 loss_08 loss_09
rt2b,logistic_regression,rt2_2yr,integrated,2007,0.9979114452798663,1.0,0.002088554720133695,0.9996462931522355,0.9999999999999999,0.0003537068477643679,True,brier best_threshold tp fp fn tn f1 recall precision miss_rate false_alarm_rate accuracy loss_07 loss_08 loss_09
rt2b,logistic_regression,rt2_2yr,macro,2007,0.9896616541353384,1.0,0.010338345864661647,0.9980547570670137,0.9999999999999999,0.0019452429329861465,True,brier best_threshold tp fp fn tn f1 recall precision miss_rate false_alarm_rate accuracy loss_07 loss_08 loss_09
rt2b,logistic_regression,rt2_2yr,micro,2007,0.9957184628237259,1.0,0.004281537176274108,0.9993261416830898,0.9999999999999999,0.0006738583169101364,True,brier best_threshold tp fp fn tn f1 recall precision miss_rate false_alarm_rate accuracy loss_07 loss_08 loss_09
rt2b,mlp,rt2_2yr,integrated,2007,0.980889724310777,0.9930100480559196,0.012120323745142603,0.9963540620999345,0.9985464623804476,0.0021924002805131515,True,brier best_threshold tp fp fn tn f1 recall precision miss_rate false_alarm_rate accuracy loss_07 loss_08 loss_09
rt2b,mlp,rt2_2yr,macro,2007,0.9342105263157895,0.9902795980777632,0.05606907176197373,0.987147117420843,0.9980358042755337,0.010888686854690688,True,brier best_threshold tp fp fn tn f1 recall precision miss_rate false_alarm_rate accuracy loss_07 loss_08 loss_09
rt2b,mlp,rt2_2yr,micro,2007,0.928049289891395,0.9462647444298821,0.018215454538487053,0.9851426453300902,0.9885186433706508,0.003375998040560546,True,brier best_threshold tp fp fn tn f1 recall precision miss_rate false_alarm_rate accuracy loss_07 loss_08 loss_09
rt2b,random_forest,rt2_2yr,integrated,2007,0.9859022556390977,0.9795762341633901,-0.006326021475707599,0.99682023002947,0.9948518776036981,-0.0019683524257718688,True,brier best_threshold tp fp fn tn f1 recall precision miss_rate false_alarm_rate accuracy loss_07 loss_08 loss_09
rt2b,random_forest,rt2_2yr,macro,2007,0.9962406015037594,0.9572411533420707,-0.038999448161688655,0.9991922422262979,0.9890401082924547,-0.010152133933843177,True,brier best_threshold tp fp fn tn f1 recall precision miss_rate false_alarm_rate accuracy loss_07 loss_08 loss_09
rt2b,random_forest,rt2_2yr,micro,2007,0.9470029239766082,0.9595893403232854,0.01258641634667712,0.9890701981833717,0.9906714873151261,0.001601289131754391,True,brier best_threshold tp fp fn tn f1 recall precision miss_rate false_alarm_rate accuracy loss_07 loss_08 loss_09
rt2b,xgboost,rt2_2yr,integrated,2007,0.9350459482038429,0.9535823503713412,0.0185364021674983,0.9881256865159929,0.9864563594812591,-0.0016693270347337696,True,brier best_threshold tp fp fn tn f1 recall precision miss_rate false_alarm_rate accuracy loss_07 loss_08 loss_09
rt2b,xgboost,rt2_2yr,macro,2007,0.9325396825396826,0.9618829183049366,0.029343235765253994,0.9885264676843624,0.9917728464631682,0.0032463787788058474,True,brier best_threshold tp fp fn tn f1 recall precision miss_rate false_alarm_rate accuracy loss_07 loss_08 loss_09
rt2b,xgboost,rt2_2yr,micro,2007,0.9159356725146199,0.925731760594146,0.009796088079526033,0.9794082745441102,0.9670536876536477,-0.012354586890462427,True,brier best_threshold tp fp fn tn f1 recall precision miss_rate false_alarm_rate accuracy loss_07 loss_08 loss_09
